"V1","V2","V3","V4","V5","V6","V7","V8","V9","V10","where1","where2","cue","target"
"b.airplane","m.airplane",0.813746706235618,0.675685685503537,0.677098653036619,"0.634178062","NULL","NULL","NULL","NULL","b","m","airplane","airplane"
"b.airplane","v.airplane",0.630240767480538,0.234650608528903,0,"0.634178062","NULL","NULL","NULL","NULL","b","v","airplane","airplane"
"b.alligator","m.alligator",0.84466029922828,0.818046541918792,0.57207755355036,"0.892367663","NULL","NULL","NULL","NULL","b","m","alligator","alligator"
"b.apple","m.apple",0.860570548372044,0.761951542224398,0.644484702164224,"0.892895435","NULL","NULL","NULL","NULL","b","m","apple","apple"
"b.apple","v.apple",0.902091534959775,0.795108747060699,0,"0.892895435","NULL","NULL","NULL","NULL","b","v","apple","apple"
"b.ashtray","m.ashtray",0.712402692251336,0.538738865138269,0.582413953810793,"0.744697968","NULL","NULL","NULL","NULL","b","m","ashtray","ashtray"
"b.bake","v.bake",0.805165744031081,0.771954365425464,0,"0.748559976","NULL","NULL","NULL","NULL","b","v","bake","bake"
"b.balloon","m.balloon",0.806660548344316,0.711786622692306,0.572803298892464,"0.897138945","NULL","NULL","NULL","NULL","b","m","balloon","balloon"
"b.bean","v.bean",0.515680455468476,0.433954264244468,0,"0.820435899","NULL","NULL","NULL","NULL","b","v","bean","bean"
"b.belt","m.belt",0.835278473260758,0.623774369085599,0.327960142790442,"0.817325118","NULL","NULL","NULL","NULL","b","m","belt","belt"
"b.belt","v.belt",0.775617701568482,0.707847952439798,0.240892958964239,"0.817325118","NULL","NULL","NULL","NULL","b","v","belt","belt"
"b.bike","m.bike",0.752960254088608,0.645575742123068,0.682533860501666,"0.824412535","NULL","NULL","NULL","NULL","b","m","bike","bike"
"b.brush","m.brush",0.564175587600949,0.493235399047174,0.687877717406887,"0.709100327","NULL","NULL","NULL","NULL","b","m","brush","brush"
"b.brush","v.brush",0.737249894561231,0.672312609429808,0,"0.709100327","NULL","NULL","NULL","NULL","b","v","brush","brush"
"b.buffalo","m.buffalo",0.617921887872454,0.568923132290657,0.351677087991022,"0.799286076","NULL","NULL","NULL","NULL","b","m","buffalo","buffalo"
"b.cabbage","m.cabbage",0.334963589289308,0.330902963514617,0,"0.607056973","NULL","NULL","NULL","NULL","b","m","cabbage","cabbage"
"b.cabbage","v.cabbage",0.388002163936068,0.383860760002619,0,"0.607056973","NULL","NULL","NULL","NULL","b","v","cabbage","cabbage"
"b.cabin","m.cabin",0.658864261158537,0.390050881500616,0,"0.818263134","NULL","NULL","NULL","NULL","b","m","cabin","cabin"
"b.cabinet","m.cabinet",0.833200593017698,0.63655656599006,0.648143903889225,"0.909389149","NULL","NULL","NULL","NULL","b","m","cabinet","cabinet"
"b.carry","v.carry",0.600289960955785,0.574248730525804,0,"0.805016462","NULL","NULL","NULL","NULL","b","v","carry","carry"
"b.chair","m.chair",0.614976353617639,0.347065010701441,0.667393504198485,"0.656179606","NULL","NULL","NULL","NULL","b","m","chair","chair"
"b.chair","v.chair",0.78207891838066,0.760910348615723,0,"0.656179606","NULL","NULL","NULL","NULL","b","v","chair","chair"
"b.church","m.church",0.332514722290672,0.117619649162428,0.227266205714047,"0.689106428","NULL","NULL","NULL","NULL","b","m","church","church"
"b.clam","m.clam",0.690927829542867,0.410775836405527,0.262612865730637,"0.798205895","NULL","NULL","NULL","NULL","b","m","clam","clam"
"b.coat","m.coat",0.58516579035304,0.44231173438209,0.399629201044869,"0.717940207","NULL","NULL","NULL","NULL","b","m","coat","coat"
"b.coat","v.coat",0.69214427334331,0.612955557993409,0,"0.717940207","NULL","NULL","NULL","NULL","b","v","coat","coat"
"b.construction","v.construction",0.753598178401868,0.529177803679379,0,"0.908073139","NULL","NULL","NULL","NULL","b","v","construction","construction"
"b.cook","v.cook",0.697097267587883,0.675087761546322,0,"0.865354812","NULL","NULL","NULL","NULL","b","v","cook","cook"
"b.couch","m.couch",0.627672492713119,0.514148524108904,0.601105678352024,"0.713668761","NULL","NULL","NULL","NULL","b","m","couch","couch"
"b.couch","v.couch",0.588226706655618,0.566611907882623,0,"0.713668761","NULL","NULL","NULL","NULL","b","v","couch","couch"
"b.cough","v.cough",0.633245941004385,0.609608393316848,0,"0.763733894","NULL","NULL","NULL","NULL","b","v","cough","cough"
"b.crash","v.crash",0.496416694359495,0.407886723633043,0,"0.741543178","NULL","NULL","NULL","NULL","b","v","crash","crash"
"b.cushion","m.cushion",0.644533050441566,0.522225972293178,0.413253195176711,"1","NULL","NULL","NULL","NULL","b","m","cushion","cushion"
"b.dagger","m.dagger",0.685681719211106,0.640745824725436,0,"0.824906705","NULL","NULL","NULL","NULL","b","m","dagger","dagger"
"b.dagger","v.dagger",0.723102383034417,0.72802178238431,0,"0.824906705","NULL","NULL","NULL","NULL","b","v","dagger","dagger"
"b.desk","m.desk",0.361422761002236,0.213539192692781,0.0750102468345966,"0.755683904","NULL","NULL","NULL","NULL","b","m","desk","desk"
"b.destroy","v.destroy",0.571766301195665,0.57825876343669,0,"0.764600474","NULL","NULL","NULL","NULL","b","v","destroy","destroy"
"b.die","v.die",0.286023439137441,0.444611276645427,0,"0.733973173","NULL","NULL","NULL","NULL","b","v","die","die"
"b.dish","m.dish",0.620154282566346,0.55919551970827,0,"0.652651949","NULL","NULL","NULL","NULL","b","m","dish","dish"
"b.doll","m.doll",0.606627184735915,0.446908324989242,0.514979407338092,"0.781322036","NULL","NULL","NULL","NULL","b","m","doll","doll"
"b.dolphin","m.dolphin",0.592200563430659,0.430370429098889,0.327070709701029,"0.776595589","NULL","NULL","NULL","NULL","b","m","dolphin","dolphin"
"b.door","m.door",0.830749754537941,0.587680697260833,0.354561956641147,"0.776909784","NULL","NULL","NULL","NULL","b","m","door","door"
"b.door","v.door",0.679326037081793,0.468861435368025,0,"0.776909784","NULL","NULL","NULL","NULL","b","v","door","door"
"b.dress","m.dress",0.802907404763471,0.587173790863711,0.764146789147376,"0.755588849","NULL","NULL","NULL","NULL","b","m","dress","dress"
"b.dress","v.dress",0.82722573174985,0.772329518269047,0.80123404880771,"0.755588849","NULL","NULL","NULL","NULL","b","v","dress","dress"
"b.eat","v.eat",0.732972203595069,0.678980072215834,0,"0.896135232","NULL","NULL","NULL","NULL","b","v","eat","eat"
"b.elephant","m.elephant",0.64462219288259,0.627701136421696,0.596314915681211,"0.760517918","NULL","NULL","NULL","NULL","b","m","elephant","elephant"
"b.elephant","v.elephant",0.89301832414568,0.820379971919301,0,"0.760517918","NULL","NULL","NULL","NULL","b","v","elephant","elephant"
"b.empty","v.empty",0.256644716571145,0.233177531707573,0,"0.584829409","NULL","NULL","NULL","NULL","b","v","empty","empty"
"b.fall","v.fall",0.129893242331121,0.101444793147896,0,"0.567520277","NULL","NULL","NULL","NULL","b","v","fall","fall"
"b.find","v.find",0.548338413876151,0.418423840363125,0,"0.806450652","NULL","NULL","NULL","NULL","b","v","find","find"
"b.finger","v.finger",0.655129422098762,0.556055164485354,0,"0.797589586","NULL","NULL","NULL","NULL","b","v","finger","finger"
"b.floor","v.floor",0.698973267332942,0.673667110800453,0,"0.839567375","NULL","NULL","NULL","NULL","b","v","floor","floor"
"b.flute","m.flute",0.757522710655347,0.710082584482883,0.690183221391268,"0.923715234","NULL","NULL","NULL","NULL","b","m","flute","flute"
"b.fly","v.fly",0.727738873425248,0.391699985611933,0,"0.833761723","NULL","NULL","NULL","NULL","b","v","fly","fly"
"b.fork","m.fork",0.73784118532257,0.588156100280177,0.645382078993609,"0.72135962","NULL","NULL","NULL","NULL","b","m","fork","fork"
"b.fork","v.fork",0.704115524631843,0.5738346974453,0.517013606857608,"0.72135962","NULL","NULL","NULL","NULL","b","v","fork","fork"
"b.fox","m.fox",0.620975562232271,0.600986669304378,0,"0.805065546","NULL","NULL","NULL","NULL","b","m","fox","fox"
"b.fox","v.fox",0.678609143864811,0.651438881319958,0,"0.805065546","NULL","NULL","NULL","NULL","b","v","fox","fox"
"b.garlic","m.garlic",0.510277578150726,0.37462208242862,0.338143244484517,"0.797523814","NULL","NULL","NULL","NULL","b","m","garlic","garlic"
"b.gloves","m.gloves",0.568526971576964,0.545417979903042,0.575336976985224,"0.704090702","NULL","NULL","NULL","NULL","b","m","gloves","gloves"
"b.gun","m.gun",0.738080737121748,0.575474498450184,0.598809836292539,"0.817922385","NULL","NULL","NULL","NULL","b","m","gun","gun"
"b.gun","v.gun",0.928119610197808,0.475349974430864,0,"0.817922385","NULL","NULL","NULL","NULL","b","v","gun","gun"
"b.hammer","m.hammer",0.709270988503023,0.664136425382168,0.746363907846173,"0.84094994","NULL","NULL","NULL","NULL","b","m","hammer","hammer"
"b.hammer","v.hammer",0.724551791862598,0.621072974476269,0.397264506520744,"0.84094994","NULL","NULL","NULL","NULL","b","v","hammer","hammer"
"b.hear","v.hear",0.862341495912939,0.699480549214745,0,"0.912829682","NULL","NULL","NULL","NULL","b","v","hear","hear"
"b.hit","v.hit",0.19159982201864,0.193742020208352,0,"0.64309927","NULL","NULL","NULL","NULL","b","v","hit","hit"
"b.hold","v.hold",0.512718384223118,0.29350612832193,0,"0.75376135","NULL","NULL","NULL","NULL","b","v","hold","hold"
"b.house","m.house",0.536892359634318,0.500902491652574,0.895260754250044,"0.720563525","NULL","NULL","NULL","NULL","b","m","house","house"
"b.inhale","v.inhale",0.709450154016329,0.483449246921831,0,"0.865850326","NULL","NULL","NULL","NULL","b","v","inhale","inhale"
"b.itch","v.itch",0.575140108045161,0.458658623243853,0,"0.869330042","NULL","NULL","NULL","NULL","b","v","itch","itch"
"b.knife","m.knife",0.829257841238703,0.590748489031404,0.559177204987452,"0.774317176","NULL","NULL","NULL","NULL","b","m","knife","knife"
"b.knife","v.knife",0.812642947045451,0.768475422625618,0.290694265439981,"0.774317176","NULL","NULL","NULL","NULL","b","v","knife","knife"
"b.leg","v.leg",0.786073594016285,0.646040478506273,0,"0.85854857","NULL","NULL","NULL","NULL","b","v","leg","leg"
"b.level","m.level",0.307326443043221,0.288064990990181,0,"0.74778376","NULL","NULL","NULL","NULL","b","m","level","level"
"b.lion","m.lion",0.734697826488666,0.665110536119971,0.0613874873416812,"0.731179981","NULL","NULL","NULL","NULL","b","m","lion","lion"
"b.lion","v.lion",0.504244206006501,0.466410042021353,0,"0.731179981","NULL","NULL","NULL","NULL","b","v","lion","lion"
"b.listen","v.listen",0.600530254355085,0.480909512034832,0,"0.893083396","NULL","NULL","NULL","NULL","b","v","listen","listen"
"b.look","v.look",0.817858104582037,0.360881916092138,0,"0.713442847","NULL","NULL","NULL","NULL","b","v","look","look"
"b.make","v.make",0.469807211584232,0.461721255800346,0,"0.743518822","NULL","NULL","NULL","NULL","b","v","make","make"
"b.mouse","m.mouse",0.727076606600736,0.710218338906551,0,"0.804305548","NULL","NULL","NULL","NULL","b","m","mouse","mouse"
"b.mouse","v.mouse",0.782702966372731,0.786130837825442,0,"0.804305548","NULL","NULL","NULL","NULL","b","v","mouse","mouse"
"b.necklace","m.necklace",0.702728414328302,0.652880302056981,0.62121727219592,"0.828394051","NULL","NULL","NULL","NULL","b","m","necklace","necklace"
"b.octopus","m.octopus",0.686794411736371,0.406580284291275,0,"0.740002933","NULL","NULL","NULL","NULL","b","m","octopus","octopus"
"b.oven","m.oven",0.76336318295583,0.605359429959335,0.671712737036257,"0.831812005","NULL","NULL","NULL","NULL","b","m","oven","oven"
"b.pen","m.pen",0.726062411851267,0.627401338103795,0.856683261134466,"0.846427124","NULL","NULL","NULL","NULL","b","m","pen","pen"
"b.pen","v.pen",0.878649425710087,0.783839169806097,0.0602169258774414,"0.846427124","NULL","NULL","NULL","NULL","b","v","pen","pen"
"b.pot","m.pot",0.644714665583462,0.516366327207307,0,"0.824050361","NULL","NULL","NULL","NULL","b","m","pot","pot"
"b.push","v.push",0.641371452992082,0.637401728289975,0,"0.693305349","NULL","NULL","NULL","NULL","b","v","push","push"
"b.pyramid","m.pyramid",0.608375263726227,0.478174137554422,0.517156513068178,"0.610136823","NULL","NULL","NULL","NULL","b","m","pyramid","pyramid"
"b.radio","m.radio",0.474665211305294,0.378227972652649,0.159565627147123,"0.71537657","NULL","NULL","NULL","NULL","b","m","radio","radio"
"b.rock","m.rock",0.739493255248003,0.737204086760181,0,"0.877255417","NULL","NULL","NULL","NULL","b","m","rock","rock"
"b.rocket","m.rocket",0.501525509665249,0.46988339023973,0.673754606255558,"0.681771167","NULL","NULL","NULL","NULL","b","m","rocket","rocket"
"b.scissors","m.scissors",0.933190267994011,0.606958860265698,0.812282105031687,"0.663911773","NULL","NULL","NULL","NULL","b","m","scissors","scissors"
"b.scissors","v.scissors",0.880943968275185,0.808180403294853,0,"0.663911773","NULL","NULL","NULL","NULL","b","v","scissors","scissors"
"b.see","v.see",0.745381159558553,0.125228716410504,0,"0.612131418","NULL","NULL","NULL","NULL","b","v","see","see"
"b.ship","m.ship",0.406435131807286,0.272430179268451,0.236585002495975,"0.762141388","NULL","NULL","NULL","NULL","b","m","ship","ship"
"b.ship","v.ship",0.785484452730706,0.76333965331009,0,"0.762141388","NULL","NULL","NULL","NULL","b","v","ship","ship"
"b.shirt","m.shirt",0.656558409349537,0.444501024803462,0.513350252430501,"0.703949828","NULL","NULL","NULL","NULL","b","m","shirt","shirt"
"b.shirt","v.shirt",0.796030786204002,0.667904428301924,0,"0.703949828","NULL","NULL","NULL","NULL","b","v","shirt","shirt"
"b.shoe","v.shoe",0.720829334714371,0.225272310477178,0,"0.563761085","NULL","NULL","NULL","NULL","b","v","shoe","shoe"
"b.sing","v.sing",0.730395546476032,0.645374087363284,0,"0.869334455","NULL","NULL","NULL","NULL","b","v","sing","sing"
"b.slide","v.slide",0.349845106628981,0.205892515634649,0,"0.642829063","NULL","NULL","NULL","NULL","b","v","slide","slide"
"b.smile","v.smile",0.686858785994559,0.614406486879084,0,"0.915970399","NULL","NULL","NULL","NULL","b","v","smile","smile"
"b.snail","m.snail",0.90139560162873,0.901222343336597,0.847828529307936,"0.928544998","NULL","NULL","NULL","NULL","b","m","snail","snail"
"b.squirrel","m.squirrel",0.759707430791772,0.688361300253755,0.645537519242868,"0.797865835","NULL","NULL","NULL","NULL","b","m","squirrel","squirrel"
"b.stay","v.stay",0.17609413117368,0.186896169075258,0,"0.604303979","NULL","NULL","NULL","NULL","b","v","stay","stay"
"b.stone","m.stone",0.599503158578986,0.619099841743352,0,"0.826897717","NULL","NULL","NULL","NULL","b","m","stone","stone"
"b.submarine","m.submarine",0.733741588889216,0.601117964649279,0,"0.845580117","NULL","NULL","NULL","NULL","b","m","submarine","submarine"
"b.surfboard","m.surfboard",0.709942055323646,0.715674258721622,0.646657133361761,"0.672210673","NULL","NULL","NULL","NULL","b","m","surfboard","surfboard"
"b.sword","m.sword",0.61464483668433,0.625998211430341,0,"0.822973416","NULL","NULL","NULL","NULL","b","m","sword","sword"
"b.sword","v.sword",0.775822857262827,0.72993361400404,0,"0.822973416","NULL","NULL","NULL","NULL","b","v","sword","sword"
"b.taste","v.taste",0.71698804594066,0.61218977004351,0,"0.854538223","NULL","NULL","NULL","NULL","b","v","taste","taste"
"b.tell","v.tell",0.754365430554651,0.649004276415761,0,"0.869777826","NULL","NULL","NULL","NULL","b","v","tell","tell"
"b.touch","v.touch",0.747311143827896,0.622388617099996,0,"0.907725469","NULL","NULL","NULL","NULL","b","v","touch","touch"
"b.toy","m.toy",0.80429822290596,0.43686197872475,0.480019384323658,"0.877185036","NULL","NULL","NULL","NULL","b","m","toy","toy"
"b.train","m.train",0.387577308088878,0.396229414513161,0.612844094987598,"0.745399751","NULL","NULL","NULL","NULL","b","m","train","train"
"b.train","v.train",0.580660138324004,0.0702327062026672,0,"0.745399751","NULL","NULL","NULL","NULL","b","v","train","train"
"b.turtle","m.turtle",0.665205742901358,0.598878681548786,0,"0.853527703","NULL","NULL","NULL","NULL","b","m","turtle","turtle"
"b.violin","m.violin",0.891442652993394,0.80358863175872,0.83977599913452,"0.940282212","NULL","NULL","NULL","NULL","b","m","violin","violin"
"b.vomit","v.vomit",0.480937569698352,0.437814719105563,0,"0.775763863","NULL","NULL","NULL","NULL","b","v","vomit","vomit"
"b.wagon","m.wagon",0.690890470583911,0.537444299720986,0.620165962102613,"0.814692105","NULL","NULL","NULL","NULL","b","m","wagon","wagon"
"b.wander","v.wander",0.643392738374204,0.322127332161482,0,"0.69535074","NULL","NULL","NULL","NULL","b","v","wander","wander"
"b.wash","v.wash",0.860272885872151,0.839129326115658,0,"0.892897158","NULL","NULL","NULL","NULL","b","v","wash","wash"
"b.write","v.write",0.720428909851233,0.631792142990011,0,"0.867512441","NULL","NULL","NULL","NULL","b","v","write","write"
"b.zebra","m.zebra",0.788416681614508,0.759478399474456,0.619179376645877,"0.846956636","NULL","NULL","NULL","NULL","b","m","zebra","zebra"
"b.zebra","v.zebra",0.935408410788213,0.746893514856176,0.322847195564578,"0.846956636","NULL","NULL","NULL","NULL","b","v","zebra","zebra"
"m.airplane","v.airplane",0.61085268038923,0.0918696643398405,0.0720321684601401,"0.634178062","NULL","NULL","NULL","NULL","m","v","airplane","airplane"
"m.apple","v.apple",0.857546096969275,0.674561577182518,0,"0.892895435","NULL","NULL","NULL","NULL","m","v","apple","apple"
"m.asparagus","v.asparagus",0.814965893837394,0.781277661510531,0,"0.925993898","NULL","NULL","NULL","NULL","m","v","asparagus","asparagus"
"m.axe","v.axe",0.877142628408144,0.625499511800148,0.629721016666278,"0.915498287","NULL","NULL","NULL","NULL","m","v","axe","axe"
"m.banana","v.banana",0.820445148069221,0.713084853671328,0.265084631657247,"0.90067873","NULL","NULL","NULL","NULL","m","v","banana","banana"
"m.bear","v.bear",0.646976792907238,0.552613161529238,0.239603969356111,"0.818862728","NULL","NULL","NULL","NULL","m","v","bear","bear"
"m.belt","v.belt",0.770171479417371,0.449912135112708,0,"0.817325118","NULL","NULL","NULL","NULL","m","v","belt","belt"
"m.blouse","v.blouse",0.785838616773794,0.435510150257806,0.538961496955661,"0.743118555","NULL","NULL","NULL","NULL","m","v","blouse","blouse"
"m.boat","v.boat",0.783500787894998,0.488478886285391,0,"0.890656117","NULL","NULL","NULL","NULL","m","v","boat","boat"
"m.bomb","v.bomb",0.734999185597275,0.134577215685347,0,"0.835700013","NULL","NULL","NULL","NULL","m","v","bomb","bomb"
"m.book","v.book",0.519070317469541,0.16444128335563,0.133098818636123,"0.771560084","NULL","NULL","NULL","NULL","m","v","book","book"
"m.box","v.box",0.656130397724837,0.252660222071239,0.121779557603818,"0.828065199","NULL","NULL","NULL","NULL","m","v","box","box"
"m.broccoli","v.broccoli",0.698739555637668,0.569614837722126,0,"0.819717676","NULL","NULL","NULL","NULL","m","v","broccoli","broccoli"
"m.broom","v.broom",0.765594844452224,0.155579292589072,0,"0.872873622","NULL","NULL","NULL","NULL","m","v","broom","broom"
"m.brush","v.brush",0.717156901555869,0.372608068873956,0.391464525999848,"0.709100327","NULL","NULL","NULL","NULL","m","v","brush","brush"
"m.bus","v.bus",0.758736957346202,0.127281129847151,0,"0.879368479","NULL","NULL","NULL","NULL","m","v","bus","bus"
"m.cabbage","v.cabbage",0.646607203672653,0.466413659140307,0,"0.607056973","NULL","NULL","NULL","NULL","m","v","cabbage","cabbage"
"m.camel","v.camel",0.847714754314875,0.587308348652637,0.272194114291038,"0.911355052","NULL","NULL","NULL","NULL","m","v","camel","camel"
"m.car","v.car",0.610502674483306,0.205290016118031,0.245850784738079,"0.818841751","NULL","NULL","NULL","NULL","m","v","car","car"
"m.carpet","v.carpet",0.675307941249583,0.224186246984872,0,"0.837653971","NULL","NULL","NULL","NULL","m","v","carpet","carpet"
"m.carrot","v.carrot",0.742966111478391,0.484937860409316,0,"0.826145322","NULL","NULL","NULL","NULL","m","v","carrot","carrot"
"m.cat","v.cat",0.817955713590282,0.687778483402722,0,"0.904498074","NULL","NULL","NULL","NULL","m","v","cat","cat"
"m.cauliflower","v.cauliflower",0.736925359415497,0.568504560359326,0,"0.805490021","NULL","NULL","NULL","NULL","m","v","cauliflower","cauliflower"
"m.celery","v.celery",0.83970157680888,0.554873318161671,0,"0.88286259","NULL","NULL","NULL","NULL","m","v","celery","celery"
"m.chair","v.chair",0.744624199683304,0.358788764598254,0,"0.656179606","NULL","NULL","NULL","NULL","m","v","chair","chair"
"m.cherry","v.cherry",0.911935507146441,0.733462692007333,0,"0.927309586","NULL","NULL","NULL","NULL","m","v","cherry","cherry"
"m.chisel","v.chisel",0.767547684130416,0.706084735087769,0,"0.883773842","NULL","NULL","NULL","NULL","m","v","chisel","chisel"
"m.coat","v.coat",0.703809760956313,0.283552842747476,0.150708107791379,"0.717940207","NULL","NULL","NULL","NULL","m","v","coat","coat"
"m.comb","v.comb",0.798589164849525,0.777595758829634,0,"0.892694217","NULL","NULL","NULL","NULL","m","v","comb","comb"
"m.corn","v.corn",0.799698127037524,0.399596034080457,0,"0.813723941","NULL","NULL","NULL","NULL","m","v","corn","corn"
"m.couch","v.couch",0.71151804221715,0.204937238928954,0,"0.713668761","NULL","NULL","NULL","NULL","m","v","couch","couch"
"m.cow","v.cow",0.696380339113494,0.567911580431653,0,"0.794489764","NULL","NULL","NULL","NULL","m","v","cow","cow"
"m.crowbar","v.crowbar",0.492701936921995,0.495804078763844,0,"0.744448616","NULL","NULL","NULL","NULL","m","v","crowbar","crowbar"
"m.cucumber","v.cucumber",0.791873654076822,0.508965577434511,0,"0.838547512","NULL","NULL","NULL","NULL","m","v","cucumber","cucumber"
"m.dagger","v.dagger",0.750245105378107,0.634868423675176,0,"0.824906705","NULL","NULL","NULL","NULL","m","v","dagger","dagger"
"m.dog","v.dog",0.772910261150535,0.639905657012217,0,"0.874250965","NULL","NULL","NULL","NULL","m","v","dog","dog"
"m.donkey","v.donkey",0.783976875997183,0.653078666072653,0,"0.821841315","NULL","NULL","NULL","NULL","m","v","donkey","donkey"
"m.door","v.door",0.677866337853642,0.294509889509202,0.323914402538739,"0.776909784","NULL","NULL","NULL","NULL","m","v","door","door"
"m.doorknob","v.doorknob",0.34837651405458,0.069675302810916,0,"0.645672551","NULL","NULL","NULL","NULL","m","v","doorknob","doorknob"
"m.dress","v.dress",0.760633603534422,0.609536785512102,0.637331307346506,"0.755588849","NULL","NULL","NULL","NULL","m","v","dress","dress"
"m.drill","v.drill",0.604040550889342,0.200457542149409,0,"0.720152567","NULL","NULL","NULL","NULL","m","v","drill","drill"
"m.duck","v.duck",0.716157893960034,0.148988280006628,0,"0.703809376","NULL","NULL","NULL","NULL","m","v","duck","duck"
"m.eggplant","v.eggplant",0.804615833169639,0.615601969909867,0,"0.868101178","NULL","NULL","NULL","NULL","m","v","eggplant","eggplant"
"m.elephant","v.elephant",0.646097741181298,0.487990324619141,0,"0.760517918","NULL","NULL","NULL","NULL","m","v","elephant","elephant"
"m.fence","v.fence",0.588605607300198,0.449136808775139,0,"0.787410975","NULL","NULL","NULL","NULL","m","v","fence","fence"
"m.fork","v.fork",0.797929862493852,0.273020446477331,0.197974644463868,"0.72135962","NULL","NULL","NULL","NULL","m","v","fork","fork"
"m.fox","v.fox",0.721524609349234,0.692272979744285,0,"0.805065546","NULL","NULL","NULL","NULL","m","v","fox","fox"
"m.gate","v.gate",0.652440638501289,0.292661870574241,0,"0.835266416","NULL","NULL","NULL","NULL","m","v","gate","gate"
"m.giraffe","v.giraffe",0.917152076621194,0.760331922505776,0.624301691800804,"0.937888126","NULL","NULL","NULL","NULL","m","v","giraffe","giraffe"
"m.goat","v.goat",0.630037497463688,0.552061922114405,0,"0.783375518","NULL","NULL","NULL","NULL","m","v","goat","goat"
"m.grape","v.grape",0.67807435452346,0.561727149807934,0,"0.837067176","NULL","NULL","NULL","NULL","m","v","grape","grape"
"m.grapefruit","v.grapefruit",0.742987750411185,0.652844352550909,0,"0.835406392","NULL","NULL","NULL","NULL","m","v","grapefruit","grapefruit"
"m.gun","v.gun",0.662735515882277,0.176729470904395,0,"0.817922385","NULL","NULL","NULL","NULL","m","v","gun","gun"
"m.hammer","v.hammer",0.784792299971631,0.43582947944934,0.380796234232356,"0.84094994","NULL","NULL","NULL","NULL","m","v","hammer","hammer"
"m.hatchet","v.hatchet",0.816046323926662,0.571478223815865,0,"0.820150704","NULL","NULL","NULL","NULL","m","v","hatchet","hatchet"
"m.helicopter","v.helicopter",0.655828158431292,0,0,"0.695088123","NULL","NULL","NULL","NULL","m","v","helicopter","helicopter"
"m.hoe","v.hoe",0.581058746296897,0.350364462501039,0,"0.69476894","NULL","NULL","NULL","NULL","m","v","hoe","hoe"
"m.horse","v.horse",0.830985572583199,0.562618202038592,0.544973985937107,"0.799106207","NULL","NULL","NULL","NULL","m","v","horse","horse"
"m.knife","v.knife",0.823493500358759,0.506716690266252,0.389847316869258,"0.774317176","NULL","NULL","NULL","NULL","m","v","knife","knife"
"m.lemon","v.lemon",0.803169397462751,0.698661619944166,0,"0.896651226","NULL","NULL","NULL","NULL","m","v","lemon","lemon"
"m.leopard","v.leopard",0.842327988344973,0.46977835236378,0,"0.899504132","NULL","NULL","NULL","NULL","m","v","leopard","leopard"
"m.lettuce","v.lettuce",0.82875495499056,0.391614848019533,0,"0.79046951","NULL","NULL","NULL","NULL","m","v","lettuce","lettuce"
"m.lime","v.lime",0.865805696565904,0.722413443286974,0,"0.932902848","NULL","NULL","NULL","NULL","m","v","lime","lime"
"m.lion","v.lion",0.603159000051958,0.531127080277259,0,"0.731179981","NULL","NULL","NULL","NULL","m","v","lion","lion"
"m.motorcycle","v.motorcycle",0.466959671367714,0.151125130003932,0,"0.749010655","NULL","NULL","NULL","NULL","m","v","motorcycle","motorcycle"
"m.mouse","v.mouse",0.733087905551787,0.678026281209547,0,"0.804305548","NULL","NULL","NULL","NULL","m","v","mouse","mouse"
"m.mushroom","v.mushroom",0.704841282952873,0.419201903006988,0,"0.80283482","NULL","NULL","NULL","NULL","m","v","mushroom","mushroom"
"m.orange","v.orange",0.818288716041603,0.632859708885021,0,"0.909144358","NULL","NULL","NULL","NULL","m","v","orange","orange"
"m.pants","v.pants",0.694612893734215,0.152298093813554,0.261028381578239,"0.628897397","NULL","NULL","NULL","NULL","m","v","pants","pants"
"m.peach","v.peach",0.765916893834162,0.447188575515294,0,"0.881287101","NULL","NULL","NULL","NULL","m","v","peach","peach"
"m.pear","v.pear",0.919467235831121,0.570220007838385,0,"0.935682159","NULL","NULL","NULL","NULL","m","v","pear","pear"
"m.pen","v.pen",0.7058297831726,0.44928139224271,0,"0.846427124","NULL","NULL","NULL","NULL","m","v","pen","pen"
"m.pencil","v.pencil",0.779516718788115,0.5004572394138,0.518379669059617,"0.880386095","NULL","NULL","NULL","NULL","m","v","pencil","pencil"
"m.pepper","v.pepper",0.720383931517393,0.614386134892821,0,"0.847646324","NULL","NULL","NULL","NULL","m","v","pepper","pepper"
"m.pig","v.pig",0.672527366204922,0.460996514805113,0.333879899676518,"0.806076056","NULL","NULL","NULL","NULL","m","v","pig","pig"
"m.pineapple","v.pineapple",0.817542801939457,0.693649033235924,0,"0.908771401","NULL","NULL","NULL","NULL","m","v","pineapple","pineapple"
"m.pliers","v.pliers",0.780315112019765,0.630296025396838,0.288434872280201,"0.896762836","NULL","NULL","NULL","NULL","m","v","pliers","pliers"
"m.plum","v.plum",0.809362217327856,0.684061239950525,0,"0.901418573","NULL","NULL","NULL","NULL","m","v","plum","plum"
"m.potato","v.potato",0.632000353555962,0.274839202553553,0,"0.652063724","NULL","NULL","NULL","NULL","m","v","potato","potato"
"m.pumpkin","v.pumpkin",0.726068584046511,0.464025701309509,0,"0.798860525","NULL","NULL","NULL","NULL","m","v","pumpkin","pumpkin"
"m.rabbit","v.rabbit",0.822694113275319,0.34564891271979,0,"0.695274692","NULL","NULL","NULL","NULL","m","v","rabbit","rabbit"
"m.raft","v.raft",0.64409096432381,0.253146328536477,0,"0.815078152","NULL","NULL","NULL","NULL","m","v","raft","raft"
"m.raisin","v.raisin",0.776015859905127,0.19996815932688,0,"0.763917368","NULL","NULL","NULL","NULL","m","v","raisin","raisin"
"m.rake","v.rake",0.435836986799614,0.350219546926299,0,"0.71970223","NULL","NULL","NULL","NULL","m","v","rake","rake"
"m.raspberry","v.raspberry",0.797662331001068,0.56120321084573,0,"0.887988239","NULL","NULL","NULL","NULL","m","v","raspberry","raspberry"
"m.rattle","v.rattle",0.670964445653775,0.416264061172844,0,"0.748047762","NULL","NULL","NULL","NULL","m","v","rattle","rattle"
"m.razor","v.razor",0.657110771127988,0.318681700403864,0.0459796844512683,"0.797469023","NULL","NULL","NULL","NULL","m","v","razor","razor"
"m.scarf","v.scarf",0.805921345210472,0.48834958885792,0,"0.7391351","NULL","NULL","NULL","NULL","m","v","scarf","scarf"
"m.scissors","v.scissors",0.88819425595343,0.385501042796667,0,"0.663911773","NULL","NULL","NULL","NULL","m","v","scissors","scissors"
"m.screwdriver","v.screwdriver",0.659501865782737,0.344370311146838,0,"0.842096241","NULL","NULL","NULL","NULL","m","v","screwdriver","screwdriver"
"m.sheep","v.sheep",0.72252289076219,0.636433931663348,0.68007273948468,"0.861366366","NULL","NULL","NULL","NULL","m","v","sheep","sheep"
"m.shield","v.shield",0.757269736041913,0.177103406008679,0,"0.878634868","NULL","NULL","NULL","NULL","m","v","shield","shield"
"m.ship","v.ship",0.559674958216926,0.346298880394395,0,"0.762141388","NULL","NULL","NULL","NULL","m","v","ship","ship"
"m.shirt","v.shirt",0.599991063346646,0.211041131758935,0,"0.703949828","NULL","NULL","NULL","NULL","m","v","shirt","shirt"
"m.shovel","v.shovel",0.833023263313584,0.50969857236822,0,"0.68132257","NULL","NULL","NULL","NULL","m","v","shovel","shovel"
"m.skirt","v.skirt",0.748866069376505,0.541498442077639,0.664757764566704,"0.753691758","NULL","NULL","NULL","NULL","m","v","skirt","skirt"
"m.sofa","v.sofa",0.648571132313582,0.26400369255962,0,"0.76864076","NULL","NULL","NULL","NULL","m","v","sofa","sofa"
"m.spinach","v.spinach",0.714171217882487,0.648057702106502,0,"0.817246852","NULL","NULL","NULL","NULL","m","v","spinach","spinach"
"m.spoon","v.spoon",0.692131624888138,0.367510754981255,0.284857494473283,"0.674687675","NULL","NULL","NULL","NULL","m","v","spoon","spoon"
"m.strawberry","v.strawberry",0.851587970067954,0.550124926069838,0,"0.915865561","NULL","NULL","NULL","NULL","m","v","strawberry","strawberry"
"m.swan","v.swan",0.827940697434984,0.582091825530637,0,"0.907349126","NULL","NULL","NULL","NULL","m","v","swan","swan"
"m.sweater","v.sweater",0.721064191608344,0.417858543975505,0,"0.771957332","NULL","NULL","NULL","NULL","m","v","sweater","sweater"
"m.sword","v.sword",0.764487723392177,0.727718774771928,0,"0.822973416","NULL","NULL","NULL","NULL","m","v","sword","sword"
"m.table","v.table",0.708910338544315,0.479869173222661,0,"0.763676659","NULL","NULL","NULL","NULL","m","v","table","table"
"m.tiger","v.tiger",0.648573702897222,0.374254008841857,0,"0.8190403","NULL","NULL","NULL","NULL","m","v","tiger","tiger"
"m.train","v.train",0.666693069645826,0.282117631063093,0,"0.745399751","NULL","NULL","NULL","NULL","m","v","train","train"
"m.tricycle","v.tricycle",0.892912317104237,0.552975345553076,0.591434786844608,"0.911192766","NULL","NULL","NULL","NULL","m","v","tricycle","tricycle"
"m.truck","v.truck",0.522948424418901,0.221428612140682,0,"0.751699513","NULL","NULL","NULL","NULL","m","v","truck","truck"
"m.van","v.van",0.518603554939414,0.175600940221646,0,"0.741536702","NULL","NULL","NULL","NULL","m","v","van","van"
"m.vest","v.vest",0.654307229346135,0.153316748055633,0.151097794373043,"0.750316958","NULL","NULL","NULL","NULL","m","v","vest","vest"
"m.wall","v.wall",0.528542488579208,0.168751517440817,0,"0.764271244","NULL","NULL","NULL","NULL","m","v","wall","wall"
"m.wrench","v.wrench",0.761169486680692,0.530512066470418,0.514999504659561,"0.908933878","NULL","NULL","NULL","NULL","m","v","wrench","wrench"
"m.zebra","v.zebra",0.827110895777834,0.662111791240164,0,"0.846956636","NULL","NULL","NULL","NULL","m","v","zebra","zebra"
