HITId,HITTypeId,Title,Description,Keywords,Reward,CreationTime,MaxAssignments,RequesterAnnotation,AssignmentDurationInSeconds,AutoApprovalDelayInSeconds,Expiration,NumberOfSimilarHITs,LifetimeInSeconds,AssignmentId,WorkerId,AssignmentStatus,AcceptTime,SubmitTime,AutoApprovalTime,ApprovalTime,RejectionTime,RequesterFeedback,WorkTimeInSeconds,LifetimeApprovalRate,Last30DaysApprovalRate,Last7DaysApprovalRate,Input.word1,Input.word2,Input.word3,Input.word4,Input.word5,Answer.word1,Answer.word2,Answer.word3,Answer.word4,Answer.word5,Approve,Reject
2JODG67D1X3VE2YPHTB2NE1NMX1HAK,2VSZ2MIKMN9UMCNN8DKW0XI3SBE9Q4,Tell Us What Words Mean,List the features of the words provided.,"words, answers, survey, psychology, definition, meaning",$0.05 ,Wed Jun 20 01:04:43 GMT 2012,12,,10800,2592000,Fri Jul 20 01:04:43 GMT 2012,,,,,Approved,Wed Jun 20 05:30:13 GMT 2012,Wed Jun 20 05:45:44 GMT 2012,Thu Jul 19 22:45:44 PDT 2012,Wed Jun 20 13:05:56 PDT 2012,,,931,100% (3/3),0% (0/0),0% (0/0),Shrub,Wallet,Scold,Expert,Contest,"is a short plant, is commonly found in gardens, has leaves and flowers, can be pruned","holds money, holds cards for identification, is stored in a man's back pocket, is stored in a woman's purse, is fold-able","to criticize someone, is often done angrily, to find fault with someone's actions","is knowledgeable, has experience, is wise, is professional, is someone to rely on","people want to win one, results in a prize, is a competition, results in a victor",,
2JODG67D1X3VE2YPHTB2NE1NMX1HAK,2VSZ2MIKMN9UMCNN8DKW0XI3SBE9Q4,Tell Us What Words Mean,List the features of the words provided.,"words, answers, survey, psychology, definition, meaning",$0.05 ,Wed Jun 20 01:04:43 GMT 2012,12,,10800,2592000,Fri Jul 20 01:04:43 GMT 2012,,,,,Approved,Wed Jun 20 04:45:08 GMT 2012,Wed Jun 20 04:46:12 GMT 2012,Thu Jul 19 21:46:12 PDT 2012,Wed Jun 20 13:05:51 PDT 2012,,,64,100% (31/31),0% (0/0),0% (0/0),Shrub,Wallet,Scold,Expert,Contest,"tree, plant, landscape, green","money, cards, identifications, checks","hot, burning","smart, knowledgeable","competition, tournament",,
2JODG67D1X3VE2YPHTB2NE1NMX1HAK,2VSZ2MIKMN9UMCNN8DKW0XI3SBE9Q4,Tell Us What Words Mean,List the features of the words provided.,"words, answers, survey, psychology, definition, meaning",$0.05 ,Wed Jun 20 01:04:43 GMT 2012,12,,10800,2592000,Fri Jul 20 01:04:43 GMT 2012,,,,,Approved,Wed Jun 20 18:07:01 GMT 2012,Wed Jun 20 18:13:25 GMT 2012,Fri Jul 20 11:13:25 PDT 2012,Wed Jun 20 13:05:52 PDT 2012,,,384,100% (18/18),0% (0/0),0% (0/0),Shrub,Wallet,Scold,Expert,Contest,"a thick bush, vegetation used for privacy, landscaping,","pocket sized, a place to carry small items, usually made from leather with small compartments,","reprimand, talk to someone angrily,","the best at what you do, top honors, high skill level","competition, a game with at least two players, to question something, to challenge something",,
2JODG67D1X3VE2YPHTB2NE1NMX1HAK,2VSZ2MIKMN9UMCNN8DKW0XI3SBE9Q4,Tell Us What Words Mean,List the features of the words provided.,"words, answers, survey, psychology, definition, meaning",$0.05 ,Wed Jun 20 01:04:43 GMT 2012,12,,10800,2592000,Fri Jul 20 01:04:43 GMT 2012,,,,,Approved,Wed Jun 20 01:44:32 GMT 2012,Wed Jun 20 01:47:22 GMT 2012,Thu Jul 19 18:47:22 PDT 2012,Tue Jun 19 19:26:02 PDT 2012,,,170,100% (8/8),0% (0/0),0% (0/0),Shrub,Wallet,Scold,Expert,Contest,"bush, large plant, barrier, greenage","made of leather, holds money, folds, found in a purse","berate, lecture","educated on a topic, mastered knowledge in a specific area","game, drawing, competition, something that can be entered and won, has prizes",,
2JODG67D1X3VE2YPHTB2NE1NMX1HAK,2VSZ2MIKMN9UMCNN8DKW0XI3SBE9Q4,Tell Us What Words Mean,List the features of the words provided.,"words, answers, survey, psychology, definition, meaning",$0.05 ,Wed Jun 20 01:04:43 GMT 2012,12,,10800,2592000,Fri Jul 20 01:04:43 GMT 2012,,,,,Approved,Wed Jun 20 01:47:53 GMT 2012,Wed Jun 20 01:50:09 GMT 2012,Thu Jul 19 18:50:09 PDT 2012,Tue Jun 19 19:26:03 PDT 2012,,,136,100% (10/10),0% (0/0),0% (0/0),Shrub,Wallet,Scold,Expert,Contest,"small bush, found outdoors","holds money, made of leather or man-made materials, kept in purses or pants pockets","to yell at someone, happens after doing something wrong","knows a lot about a specific topic, very smart","competition, winner, loser",,
2JODG67D1X3VE2YPHTB2NE1NMX1HAK,2VSZ2MIKMN9UMCNN8DKW0XI3SBE9Q4,Tell Us What Words Mean,List the features of the words provided.,"words, answers, survey, psychology, definition, meaning",$0.05 ,Wed Jun 20 01:04:43 GMT 2012,12,,10800,2592000,Fri Jul 20 01:04:43 GMT 2012,,,,,Approved,Wed Jun 20 01:25:36 GMT 2012,Wed Jun 20 01:27:52 GMT 2012,Thu Jul 19 18:27:52 PDT 2012,Tue Jun 19 19:26:03 PDT 2012,,,136,100% (1/1),0% (0/0),0% (0/0),Shrub,Wallet,Scold,Expert,Contest,"is a decorative plant, similar to a bush, smaller than a tree, used in landscaping","fits in a pocket or purse, holds money, holds ID cards","is to chastise, happens to children who misbehave, is done orally","professional, is very good at a certain skill, often paid for their experience","has a prize, someone wins, multiple parties compete",,
2JODG67D1X3VE2YPHTB2NE1NMX1HAK,2VSZ2MIKMN9UMCNN8DKW0XI3SBE9Q4,Tell Us What Words Mean,List the features of the words provided.,"words, answers, survey, psychology, definition, meaning",$0.05 ,Wed Jun 20 01:04:43 GMT 2012,12,,10800,2592000,Fri Jul 20 01:04:43 GMT 2012,,,,,Approved,Wed Jun 20 05:57:28 GMT 2012,Wed Jun 20 05:59:21 GMT 2012,Thu Jul 19 22:59:21 PDT 2012,Wed Jun 20 13:05:53 PDT 2012,,,113,100% (7/7),0% (0/0),0% (0/0),Shrub,Wallet,Scold,Expert,Contest,shurb is a coat,wallet is money case,swear,qualificated,competition,,
2JODG67D1X3VE2YPHTB2NE1NMX1HAK,2VSZ2MIKMN9UMCNN8DKW0XI3SBE9Q4,Tell Us What Words Mean,List the features of the words provided.,"words, answers, survey, psychology, definition, meaning",$0.05 ,Wed Jun 20 01:04:43 GMT 2012,12,,10800,2592000,Fri Jul 20 01:04:43 GMT 2012,,,,,Approved,Wed Jun 20 17:53:23 GMT 2012,Wed Jun 20 17:59:30 GMT 2012,Fri Jul 20 10:59:30 PDT 2012,Wed Jun 20 13:05:54 PDT 2012,,,367,100% (1/1),0% (0/0),0% (0/0),Shrub,Wallet,Scold,Expert,Contest,"is a bush, is a plant","billfold, pocket book, is made of leather","to yell at, to lecture, to berate","a professional, skilled at, highly trained,","a competitive event, to dispute an issue",,
2JODG67D1X3VE2YPHTB2NE1NMX1HAK,2VSZ2MIKMN9UMCNN8DKW0XI3SBE9Q4,Tell Us What Words Mean,List the features of the words provided.,"words, answers, survey, psychology, definition, meaning",$0.05 ,Wed Jun 20 01:04:43 GMT 2012,12,,10800,2592000,Fri Jul 20 01:04:43 GMT 2012,,,,,Approved,Wed Jun 20 14:50:02 GMT 2012,Wed Jun 20 14:53:40 GMT 2012,Fri Jul 20 07:53:40 PDT 2012,Wed Jun 20 13:05:53 PDT 2012,,,218,100% (32/32),0% (0/0),0% (0/0),Shrub,Wallet,Scold,Expert,Contest,"bushes, landscaping, large plants, hedges","purse, holds money, place for credit cards","fuss, reprimand, dress down","knows all about it, specialist, someone educated and experienced","competition, has opponents, people trying to outdo each other",,
2JODG67D1X3VE2YPHTB2NE1NMX1HAK,2VSZ2MIKMN9UMCNN8DKW0XI3SBE9Q4,Tell Us What Words Mean,List the features of the words provided.,"words, answers, survey, psychology, definition, meaning",$0.05 ,Wed Jun 20 01:04:43 GMT 2012,12,,10800,2592000,Fri Jul 20 01:04:43 GMT 2012,,,,,Approved,Wed Jun 20 01:58:05 GMT 2012,Wed Jun 20 02:00:20 GMT 2012,Thu Jul 19 19:00:20 PDT 2012,Tue Jun 19 19:26:06 PDT 2012,,,135,100% (6/6),0% (0/0),0% (0/0),Shrub,Wallet,Scold,Expert,Contest,"plant, bush, green, needs to be trimmed, needs to be watered, non-human","carries money, carries identification, small, compact","to yell, to punish,","knowledgeable, above average, top of the class","competitive, has a winner, has a loser, has challenges",,
2JODG67D1X3VE2YPHTB2NE1NMX1HAK,2VSZ2MIKMN9UMCNN8DKW0XI3SBE9Q4,Tell Us What Words Mean,List the features of the words provided.,"words, answers, survey, psychology, definition, meaning",$0.05 ,Wed Jun 20 01:04:43 GMT 2012,12,,10800,2592000,Fri Jul 20 01:04:43 GMT 2012,,,,,Approved,Wed Jun 20 18:50:47 GMT 2012,Wed Jun 20 18:53:08 GMT 2012,Fri Jul 20 11:53:08 PDT 2012,Wed Jun 20 13:05:56 PDT 2012,,,141,100% (15/15),0% (0/0),0% (0/0),Shrub,Wallet,Scold,Expert,Contest,"bush, plant, living","used to put things in, used to carry things with, put in your pocket","to yell, to point out wrong-doing","very knowledgable, dedicated","fun, competitive, win prizes",,
2JODG67D1X3VE2YPHTB2NE1NMX1HAK,2VSZ2MIKMN9UMCNN8DKW0XI3SBE9Q4,Tell Us What Words Mean,List the features of the words provided.,"words, answers, survey, psychology, definition, meaning",$0.05 ,Wed Jun 20 01:04:43 GMT 2012,12,,10800,2592000,Fri Jul 20 01:04:43 GMT 2012,,,,,Approved,Wed Jun 20 13:41:34 GMT 2012,Wed Jun 20 13:49:03 GMT 2012,Fri Jul 20 06:49:03 PDT 2012,Wed Jun 20 13:05:57 PDT 2012,,,449,100% (2/2),0% (0/0),0% (0/0),Shrub,Wallet,Scold,Expert,Contest,"Is a bush, is usually small, used in landscaping of homes, is a plant, very small tree","Is an object, used to put money in, keeps people organized, can be made of leather or any other material, fits in purse or pocket","Is to yell at someone, punish them, reprimand them for doing something wrong, yell","Is a person, experienced in something, specializes in something, knows alot about a specific subject","Is a competition, there is always a winner, a prize is usually given",,
2W36VCPWZ9RNRJWD06J7WN3E8OBPAX,2VSZ2MIKMN9UMCNN8DKW0XI3SBE9Q4,Tell Us What Words Mean,List the features of the words provided.,"words, answers, survey, psychology, definition, meaning",$0.05 ,Wed Jun 20 01:04:43 GMT 2012,12,,10800,2592000,Fri Jul 20 01:04:43 GMT 2012,,,,,Approved,Wed Jun 20 03:35:36 GMT 2012,Wed Jun 20 03:48:07 GMT 2012,Thu Jul 19 20:48:07 PDT 2012,Wed Jun 20 13:05:54 PDT 2012,,,751,100% (1/1),0% (0/0),0% (0/0),Gorgeous,Transportation,Rodent,Ego,Appendage,"Pretty,has features considered attractive,could be applied to nearly anything","Moves People and things,may or may not have a motor.","animal,mice,rats,rabbits,live in any environment,wild or domesticated,have large teeth.","Form of pride,Is an unattractive trait if to large.","Something attached to the trunk of the body or another main part of something,could be an arm,leg,tail.",,
2W36VCPWZ9RNRJWD06J7WN3E8OBPAX,2VSZ2MIKMN9UMCNN8DKW0XI3SBE9Q4,Tell Us What Words Mean,List the features of the words provided.,"words, answers, survey, psychology, definition, meaning",$0.05 ,Wed Jun 20 01:04:43 GMT 2012,12,,10800,2592000,Fri Jul 20 01:04:43 GMT 2012,,,,,Approved,Wed Jun 20 02:10:02 GMT 2012,Wed Jun 20 02:15:12 GMT 2012,Thu Jul 19 19:15:12 PDT 2012,Tue Jun 19 19:26:07 PDT 2012,,,310,100% (9/9),0% (0/0),0% (0/0),Gorgeous,Transportation,Rodent,Ego,Appendage,A very beautiful person,Is using equipment or vehicles to get from one place to another.,A mammal that is small in size with overgrown teeth often a rat or mouse.,When a person seperates themselves from others by thinking themsleves better for achieving a goal.,part of the body that is connected that can cause movement like legs and arms.,,
2W36VCPWZ9RNRJWD06J7WN3E8OBPAX,2VSZ2MIKMN9UMCNN8DKW0XI3SBE9Q4,Tell Us What Words Mean,List the features of the words provided.,"words, answers, survey, psychology, definition, meaning",$0.05 ,Wed Jun 20 01:04:43 GMT 2012,12,,10800,2592000,Fri Jul 20 01:04:43 GMT 2012,,,,,Approved,Wed Jun 20 01:48:52 GMT 2012,Wed Jun 20 01:50:43 GMT 2012,Thu Jul 19 18:50:43 PDT 2012,Tue Jun 19 19:26:04 PDT 2012,,,111,100% (1/1),0% (0/0),0% (0/0),Gorgeous,Transportation,Rodent,Ego,Appendage,"beautiful, lovely, adjective, pretty","mode, car, bus, train, airplane, boat, shuttle, subway, tram","rat, squirrel, weasel, mouse, gopher, gerbil","id, super, self, perception","legs, arms, hands, toes, fingers",,
2W36VCPWZ9RNRJWD06J7WN3E8OBPAX,2VSZ2MIKMN9UMCNN8DKW0XI3SBE9Q4,Tell Us What Words Mean,List the features of the words provided.,"words, answers, survey, psychology, definition, meaning",$0.05 ,Wed Jun 20 01:04:43 GMT 2012,12,,10800,2592000,Fri Jul 20 01:04:43 GMT 2012,,,,,Approved,Wed Jun 20 18:57:44 GMT 2012,Wed Jun 20 18:59:48 GMT 2012,Fri Jul 20 11:59:48 PDT 2012,Wed Jun 20 13:05:52 PDT 2012,,,124,100% (31/31),0% (0/0),0% (0/0),Gorgeous,Transportation,Rodent,Ego,Appendage,"beautiful, pretty,","car, truck, train, ship, bicycle, roller skates, skate board, walking","mouse, rats, squirrels, dirty, small","pride, individual,","something added, foreing",,
2W36VCPWZ9RNRJWD06J7WN3E8OBPAX,2VSZ2MIKMN9UMCNN8DKW0XI3SBE9Q4,Tell Us What Words Mean,List the features of the words provided.,"words, answers, survey, psychology, definition, meaning",$0.05 ,Wed Jun 20 01:04:43 GMT 2012,12,,10800,2592000,Fri Jul 20 01:04:43 GMT 2012,,,,,Approved,Wed Jun 20 19:30:55 GMT 2012,Wed Jun 20 19:37:08 GMT 2012,Fri Jul 20 12:37:08 PDT 2012,Wed Jun 20 13:05:57 PDT 2012,,,373,100% (18/18),0% (0/0),0% (0/0),Gorgeous,Transportation,Rodent,Ego,Appendage,"Beyond beautiful, Extreme good looks,","mode of mobility, means to get from one place to another,","small animal, small furry creature, sharp teeth, they burrow in small places","self image, how one perceives himself,","limb, a leg or arm, something that protrudes,",,
2W36VCPWZ9RNRJWD06J7WN3E8OBPAX,2VSZ2MIKMN9UMCNN8DKW0XI3SBE9Q4,Tell Us What Words Mean,List the features of the words provided.,"words, answers, survey, psychology, definition, meaning",$0.05 ,Wed Jun 20 01:04:43 GMT 2012,12,,10800,2592000,Fri Jul 20 01:04:43 GMT 2012,,,,,Approved,Wed Jun 20 01:42:03 GMT 2012,Wed Jun 20 01:44:09 GMT 2012,Thu Jul 19 18:44:09 PDT 2012,Tue Jun 19 19:26:05 PDT 2012,,,126,100% (8/8),0% (0/0),0% (0/0),Gorgeous,Transportation,Rodent,Ego,Appendage,"pretty, pleasing to look at, exceptionally beautiful","cars, trains, airplanes, bicycles, a means to get from one location to another not on foot","scurries, 4 legs, small, dirty, to be feared, sneaky","self important, arrogant, think highly of oneself","arm, leg, handle",,
2W36VCPWZ9RNRJWD06J7WN3E8OBPAX,2VSZ2MIKMN9UMCNN8DKW0XI3SBE9Q4,Tell Us What Words Mean,List the features of the words provided.,"words, answers, survey, psychology, definition, meaning",$0.05 ,Wed Jun 20 01:04:43 GMT 2012,12,,10800,2592000,Fri Jul 20 01:04:43 GMT 2012,,,,,Approved,Wed Jun 20 01:30:41 GMT 2012,Wed Jun 20 01:34:16 GMT 2012,Thu Jul 19 18:34:16 PDT 2012,Tue Jun 19 19:26:07 PDT 2012,,,215,100% (10/10),0% (0/0),0% (0/0),Gorgeous,Transportation,Rodent,Ego,Appendage,"attractive, pretty, describes women","hectic, expensive, cars, trains, buses, move to and from places","mice, rats, small, disgusting, pets, cheese, found in dark places","personality, how people see you, how you see yourself","arms, legs, body parts",,
2W36VCPWZ9RNRJWD06J7WN3E8OBPAX,2VSZ2MIKMN9UMCNN8DKW0XI3SBE9Q4,Tell Us What Words Mean,List the features of the words provided.,"words, answers, survey, psychology, definition, meaning",$0.05 ,Wed Jun 20 01:04:43 GMT 2012,12,,10800,2592000,Fri Jul 20 01:04:43 GMT 2012,,,,,Approved,Wed Jun 20 05:59:22 GMT 2012,Wed Jun 20 06:01:29 GMT 2012,Thu Jul 19 23:01:29 PDT 2012,Wed Jun 20 13:05:51 PDT 2012,,,127,100% (7/7),0% (0/0),0% (0/0),Gorgeous,Transportation,Rodent,Ego,Appendage,perfect,transport something,squirell or beavers,when you love yourself,alppen gold,,
2W36VCPWZ9RNRJWD06J7WN3E8OBPAX,2VSZ2MIKMN9UMCNN8DKW0XI3SBE9Q4,Tell Us What Words Mean,List the features of the words provided.,"words, answers, survey, psychology, definition, meaning",$0.05 ,Wed Jun 20 01:04:43 GMT 2012,12,,10800,2592000,Fri Jul 20 01:04:43 GMT 2012,,,,,Approved,Wed Jun 20 17:51:30 GMT 2012,Wed Jun 20 17:59:38 GMT 2012,Fri Jul 20 10:59:38 PDT 2012,Wed Jun 20 13:05:54 PDT 2012,,,488,100% (1/1),0% (0/0),0% (0/0),Gorgeous,Transportation,Rodent,Ego,Appendage,"pretty, beautiful, desireable, looks good, striking features, sexual","cars, trucks, busses, bikes, airplanes, jets, helecopters, hot air balloons","rats, mice, squirrels, beavers, infestation, disease,rotten animals,chewers","super ego, id, intellect, conceited, egostistical, brain spirit","arm, leg, hand, foot, penis, head, fingers, toes, nose, ears, butt cheeks",,
2W36VCPWZ9RNRJWD06J7WN3E8OBPAX,2VSZ2MIKMN9UMCNN8DKW0XI3SBE9Q4,Tell Us What Words Mean,List the features of the words provided.,"words, answers, survey, psychology, definition, meaning",$0.05 ,Wed Jun 20 01:04:43 GMT 2012,12,,10800,2592000,Fri Jul 20 01:04:43 GMT 2012,,,,,Approved,Wed Jun 20 14:43:00 GMT 2012,Wed Jun 20 14:46:41 GMT 2012,Fri Jul 20 07:46:41 PDT 2012,Wed Jun 20 13:05:57 PDT 2012,,,221,100% (32/32),0% (0/0),0% (0/0),Gorgeous,Transportation,Rodent,Ego,Appendage,"beautiful, lovely, attractive","way to get around, vehicle, something to ride to a destination","rat, scurrying animal, prey of cats","attitude toward self, boasting, full of oneself","extra part, tail, afterthought",,
2W36VCPWZ9RNRJWD06J7WN3E8OBPAX,2VSZ2MIKMN9UMCNN8DKW0XI3SBE9Q4,Tell Us What Words Mean,List the features of the words provided.,"words, answers, survey, psychology, definition, meaning",$0.05 ,Wed Jun 20 01:04:43 GMT 2012,12,,10800,2592000,Fri Jul 20 01:04:43 GMT 2012,,,,,Approved,Wed Jun 20 03:14:51 GMT 2012,Wed Jun 20 03:21:24 GMT 2012,Thu Jul 19 20:21:24 PDT 2012,Wed Jun 20 13:05:55 PDT 2012,,,393,100% (1/1),0% (0/0),0% (0/0),Gorgeous,Transportation,Rodent,Ego,Appendage,"A beautiful lady, glamorous, one of a kind, sublime, sultry and seductive, feminine","Is how you get from point A to point B, many different kinds of transportation, air transportation, subways, trains, transportation across water, horns can honk, airplanes are very loud","Is an animal, usually associated with something disgusting, usually lives in dark and small places, people like to avoid rodents, small and furry, squeaks","can be part of Freud's analysis of human behavior and is joined with superego and the id, can lead to someone's downfall, being proud of one's work or life accomplishments, comes from humans, is an abstract thought","body part that we do not need, can be taken out, if not taken out in time and is about the burst it is necessary to get it removed, grows inside your body",,
2W36VCPWZ9RNRJWD06J7WN3E8OBPAX,2VSZ2MIKMN9UMCNN8DKW0XI3SBE9Q4,Tell Us What Words Mean,List the features of the words provided.,"words, answers, survey, psychology, definition, meaning",$0.05 ,Wed Jun 20 01:04:43 GMT 2012,12,,10800,2592000,Fri Jul 20 01:04:43 GMT 2012,,,,,Approved,Wed Jun 20 20:35:41 GMT 2012,Wed Jun 20 20:36:42 GMT 2012,Fri Jul 20 13:36:42 PDT 2012,Wed Jun 20 21:18:58 PDT 2012,,,61,100% (15/15),0% (0/0),0% (0/0),Gorgeous,Transportation,Rodent,Ego,Appendage,"beautiful, pretty, nice to look at","takes you somewhere, vehicles","mouse, dirty, rat, grey, nasty","big headed, thinks highly of themselves","arm, leg",,
20BUHYW2GTP95XLHA1D1A9YT3NOMR6,2VSZ2MIKMN9UMCNN8DKW0XI3SBE9Q4,Tell Us What Words Mean,List the features of the words provided.,"words, answers, survey, psychology, definition, meaning",$0.05 ,Wed Jun 20 01:04:43 GMT 2012,12,,10800,2592000,Fri Jul 20 01:04:43 GMT 2012,,,,,Approved,Wed Jun 20 01:55:05 GMT 2012,Wed Jun 20 01:56:57 GMT 2012,Thu Jul 19 18:56:57 PDT 2012,Tue Jun 19 19:26:04 PDT 2012,,,112,100% (6/6),0% (0/0),0% (0/0),Sapphire,Nerves,Orchid,Nauseous,Agree,"gem, blue, rare","can twitch, run through the body, sensitive","flower, white, smells good, can be inside","queasy, pregnant, indigestion, painful","yes, have same opinion",,
20BUHYW2GTP95XLHA1D1A9YT3NOMR6,2VSZ2MIKMN9UMCNN8DKW0XI3SBE9Q4,Tell Us What Words Mean,List the features of the words provided.,"words, answers, survey, psychology, definition, meaning",$0.05 ,Wed Jun 20 01:04:43 GMT 2012,12,,10800,2592000,Fri Jul 20 01:04:43 GMT 2012,,,,,Approved,Wed Jun 20 03:29:57 GMT 2012,Wed Jun 20 03:32:19 GMT 2012,Thu Jul 19 20:32:19 PDT 2012,Wed Jun 20 13:05:53 PDT 2012,,,142,100% (1/1),0% (0/0),0% (0/0),Sapphire,Nerves,Orchid,Nauseous,Agree,"gem, blue, worthy, value","microscopic, human body information system, electronic pulses","fruit, straight, tasty, rows","upset stomach, eat crackers, pregnancy, food poisoning","go along with, similar views, same crowd, similar motives.",,
20BUHYW2GTP95XLHA1D1A9YT3NOMR6,2VSZ2MIKMN9UMCNN8DKW0XI3SBE9Q4,Tell Us What Words Mean,List the features of the words provided.,"words, answers, survey, psychology, definition, meaning",$0.05 ,Wed Jun 20 01:04:43 GMT 2012,12,,10800,2592000,Fri Jul 20 01:04:43 GMT 2012,,,,,Approved,Wed Jun 20 02:03:35 GMT 2012,Wed Jun 20 02:10:13 GMT 2012,Thu Jul 19 19:10:13 PDT 2012,Tue Jun 19 19:26:05 PDT 2012,,,398,100% (1/1),0% (0/0),0% (0/0),Sapphire,Nerves,Orchid,Nauseous,Agree,"A sapphire is a type of rare gem or natural stone that is naturally occuring in nature, it is not man-made and is generally a deep blue color. Lots of women use sapphires in jewelry.","Nerves are a type of connective tissue that transmit electrical impules in the small unit size of axons, electrical impules are sent throughout the human body through both the central nervous system and the peripheral nervous system. Nerves can either be somatic or sensory.","An orchid is a rare flower that is sought after all over the world, some people refer to the orchid as ""female genitalia"".","Being nauseous means feeling sick to your stomach but not actually physically throwing up. Sometimes pregnant women feel nauseous (on the verge of being sick), or thinking about something scary or a bad omen that something negative is going to happen can make someone nauseous.","To agree is to confirm someone elses values or opinions, or to agree to something is to go along with it without any objections or a different stance. To agree to something can wither be unspoken, spoken, or give written consent.",,
20BUHYW2GTP95XLHA1D1A9YT3NOMR6,2VSZ2MIKMN9UMCNN8DKW0XI3SBE9Q4,Tell Us What Words Mean,List the features of the words provided.,"words, answers, survey, psychology, definition, meaning",$0.05 ,Wed Jun 20 01:04:43 GMT 2012,12,,10800,2592000,Fri Jul 20 01:04:43 GMT 2012,,,,,Approved,Wed Jun 20 01:54:59 GMT 2012,Wed Jun 20 01:59:27 GMT 2012,Thu Jul 19 18:59:27 PDT 2012,Tue Jun 19 19:26:03 PDT 2012,,,268,100% (1/1),0% (0/0),0% (0/0),Sapphire,Nerves,Orchid,Nauseous,Agree,"is a type of mineral, shiny, expensive, rare, hard, beautiful, used in jewelry, used as currency in the middle east centuries ago, mark of royalty","a system in our body, alert you to danger, feeling, touching, something you use daily, being scared, nervous, excited.","type of plant, expensive, high maintenance, needs water, smells nice, fragile","sick feeling, dizzy sensation, throwing up, stomach turning","come to terms, contract signed, handshake",,
20BUHYW2GTP95XLHA1D1A9YT3NOMR6,2VSZ2MIKMN9UMCNN8DKW0XI3SBE9Q4,Tell Us What Words Mean,List the features of the words provided.,"words, answers, survey, psychology, definition, meaning",$0.05 ,Wed Jun 20 01:04:43 GMT 2012,12,,10800,2592000,Fri Jul 20 01:04:43 GMT 2012,,,,,Approved,Wed Jun 20 04:44:01 GMT 2012,Wed Jun 20 04:45:07 GMT 2012,Thu Jul 19 21:45:07 PDT 2012,Wed Jun 20 13:05:55 PDT 2012,,,66,100% (31/31),0% (0/0),0% (0/0),Sapphire,Nerves,Orchid,Nauseous,Agree,"gem, blue, expensive, natural","anxious, brain,","flower, colors, natural","sick, uncomfortable,","accept,",,
20BUHYW2GTP95XLHA1D1A9YT3NOMR6,2VSZ2MIKMN9UMCNN8DKW0XI3SBE9Q4,Tell Us What Words Mean,List the features of the words provided.,"words, answers, survey, psychology, definition, meaning",$0.05 ,Wed Jun 20 01:04:43 GMT 2012,12,,10800,2592000,Fri Jul 20 01:04:43 GMT 2012,,,,,Approved,Thu Jun 21 00:30:37 GMT 2012,Thu Jun 21 01:16:43 GMT 2012,Fri Jul 20 18:16:43 PDT 2012,Wed Jun 20 21:18:58 PDT 2012,,,2766,100% (16/16),0% (0/0),0% (0/0),Sapphire,Nerves,Orchid,Nauseous,Agree,"a blue precious stone, very expensive, the birthstone for September","the parts of your body that pick up sensations, they then send signals back to your brain which registers the sensations","flower, delicate, rare, come in a range of colors","when you feel like you are going to vomit, have gross taste in your mouth, stomach is unsettled and your head feels like its spinning","to come to consensus on something, often requires negotiating between parties",,
20BUHYW2GTP95XLHA1D1A9YT3NOMR6,2VSZ2MIKMN9UMCNN8DKW0XI3SBE9Q4,Tell Us What Words Mean,List the features of the words provided.,"words, answers, survey, psychology, definition, meaning",$0.05 ,Wed Jun 20 01:04:43 GMT 2012,12,,10800,2592000,Fri Jul 20 01:04:43 GMT 2012,,,,,Approved,Wed Jun 20 01:47:33 GMT 2012,Wed Jun 20 01:49:31 GMT 2012,Thu Jul 19 18:49:31 PDT 2012,Tue Jun 19 19:26:05 PDT 2012,,,118,100% (8/8),0% (0/0),0% (0/0),Sapphire,Nerves,Orchid,Nauseous,Agree,"gem, sparkles, valuable, found in jewelry, blue","found in the body, react to touch, promote feelings from touch","flower, exotic, perfume-like smell, tropical","ill, sick, vomit, distateful","concur, have similar feeling or thought, consent",,
20BUHYW2GTP95XLHA1D1A9YT3NOMR6,2VSZ2MIKMN9UMCNN8DKW0XI3SBE9Q4,Tell Us What Words Mean,List the features of the words provided.,"words, answers, survey, psychology, definition, meaning",$0.05 ,Wed Jun 20 01:04:43 GMT 2012,12,,10800,2592000,Fri Jul 20 01:04:43 GMT 2012,,,,,Approved,Wed Jun 20 01:34:26 GMT 2012,Wed Jun 20 01:39:09 GMT 2012,Thu Jul 19 18:39:09 PDT 2012,Tue Jun 19 19:26:03 PDT 2012,,,283,100% (10/10),0% (0/0),0% (0/0),Sapphire,Nerves,Orchid,Nauseous,Agree,"is a gemstone, expensive, pretty, found in jewlery","found inside animals and humans, carries brain signals, causes pain","is a flower, smells good, found in gardens, used in bouquets, tall","upset stomach, nervous, car sick, vomiting","liking an idea, having similar emotions",,
20BUHYW2GTP95XLHA1D1A9YT3NOMR6,2VSZ2MIKMN9UMCNN8DKW0XI3SBE9Q4,Tell Us What Words Mean,List the features of the words provided.,"words, answers, survey, psychology, definition, meaning",$0.05 ,Wed Jun 20 01:04:43 GMT 2012,12,,10800,2592000,Fri Jul 20 01:04:43 GMT 2012,,,,,Approved,Wed Jun 20 06:01:30 GMT 2012,Wed Jun 20 06:03:30 GMT 2012,Thu Jul 19 23:03:30 PDT 2012,Wed Jun 20 13:05:55 PDT 2012,,,120,100% (7/7),0% (0/0),0% (0/0),Sapphire,Nerves,Orchid,Nauseous,Agree,it is a kinde of stone,worry,a kinde of flower,bottle,whene you are agree with someone,,
20BUHYW2GTP95XLHA1D1A9YT3NOMR6,2VSZ2MIKMN9UMCNN8DKW0XI3SBE9Q4,Tell Us What Words Mean,List the features of the words provided.,"words, answers, survey, psychology, definition, meaning",$0.05 ,Wed Jun 20 01:04:43 GMT 2012,12,,10800,2592000,Fri Jul 20 01:04:43 GMT 2012,,,,,Approved,Wed Jun 20 14:59:17 GMT 2012,Wed Jun 20 15:01:58 GMT 2012,Fri Jul 20 08:01:58 PDT 2012,Wed Jun 20 13:05:51 PDT 2012,,,161,100% (32/32),0% (0/0),0% (0/0),Sapphire,Nerves,Orchid,Nauseous,Agree,"gemstone, ring, valuable rock","sensory parts of the body, shakes, feels pain","flower, fragile, potted plant","sick, upset stomach, ill","come to terms, compromise, have the same opinion",,
20BUHYW2GTP95XLHA1D1A9YT3NOMR6,2VSZ2MIKMN9UMCNN8DKW0XI3SBE9Q4,Tell Us What Words Mean,List the features of the words provided.,"words, answers, survey, psychology, definition, meaning",$0.05 ,Wed Jun 20 01:04:43 GMT 2012,12,,10800,2592000,Fri Jul 20 01:04:43 GMT 2012,,,,,Approved,Wed Jun 20 04:25:05 GMT 2012,Wed Jun 20 04:27:55 GMT 2012,Thu Jul 19 21:27:55 PDT 2012,Wed Jun 20 13:05:51 PDT 2012,,,170,100% (3/3),0% (0/0),0% (0/0),Sapphire,Nerves,Orchid,Nauseous,Agree,"gem stone, light blue, often used in jewelry,","what you feel when you are anxious or angry, someone can ""get on your nerves"" meaning they are annoying, often relate to being upset in some way","flower, reminiscent of springtime, light colors, plant","sick, stomach feels queasy, about to throw up, could be car sick, drunk, eaten bad food, or nervous.","say yes to something, have a same opinion,",,
20BUHYW2GTP95XLHA1D1A9YT3NOMR6,2VSZ2MIKMN9UMCNN8DKW0XI3SBE9Q4,Tell Us What Words Mean,List the features of the words provided.,"words, answers, survey, psychology, definition, meaning",$0.05 ,Wed Jun 20 01:04:43 GMT 2012,12,,10800,2592000,Fri Jul 20 01:04:43 GMT 2012,,,,,Approved,Wed Jun 20 19:37:21 GMT 2012,Wed Jun 20 19:40:19 GMT 2012,Fri Jul 20 12:40:19 PDT 2012,Wed Jun 20 13:05:53 PDT 2012,,,178,100% (2/2),0% (0/0),0% (0/0),Sapphire,Nerves,Orchid,Nauseous,Agree,"is a gem, blue,crystal,expensive,jewelery","are like arteries,send signals to your brain,in your muscleitory system,holds blood and fluides for your organs","a flower,white,smells good,plant,needs water and sunlight,provides oxygen","malaise,discomfort,motion sickness,ill,sickly","to abide by, deal,",,
2BC00OQKKA4IWFMH7ZT6C0EXFKGYY9,2VSZ2MIKMN9UMCNN8DKW0XI3SBE9Q4,Tell Us What Words Mean,List the features of the words provided.,"words, answers, survey, psychology, definition, meaning",$0.05 ,Wed Jun 20 01:04:43 GMT 2012,12,,10800,2592000,Fri Jul 20 01:04:43 GMT 2012,,,,,Approved,Wed Jun 20 01:58:25 GMT 2012,Wed Jun 20 01:59:55 GMT 2012,Thu Jul 19 18:59:55 PDT 2012,Tue Jun 19 19:26:03 PDT 2012,,,90,100% (6/6),0% (0/0),0% (0/0),Spin,Synopsis,Oligarchy,Breakable,Keyboard,"turn in circles, an exercise class, to turn around and around,","summary, a brief description of events that happened",unknown,"not sturdy, not shatter resistent","something you type on, has keys, needed to use a computer",,
2BC00OQKKA4IWFMH7ZT6C0EXFKGYY9,2VSZ2MIKMN9UMCNN8DKW0XI3SBE9Q4,Tell Us What Words Mean,List the features of the words provided.,"words, answers, survey, psychology, definition, meaning",$0.05 ,Wed Jun 20 01:04:43 GMT 2012,12,,10800,2592000,Fri Jul 20 01:04:43 GMT 2012,,,,,Approved,Wed Jun 20 04:46:12 GMT 2012,Wed Jun 20 04:58:52 GMT 2012,Thu Jul 19 21:58:52 PDT 2012,Wed Jun 20 13:05:54 PDT 2012,,,760,100% (6/6),0% (0/0),0% (0/0),Spin,Synopsis,Oligarchy,Breakable,Keyboard,"turn, circle, something tires can do, something politicians do","briefly, a summary, a short version, an outline","small group of leaders, people who rule government, self serving rulers","can be destroyed, vulnerable, destructible, can be made of glass, weak","contains the alphabet, contains numbers, a typewriter, an instrument, a piano, something you type on, part of a laptop, can be attached to a computer",,
2BC00OQKKA4IWFMH7ZT6C0EXFKGYY9,2VSZ2MIKMN9UMCNN8DKW0XI3SBE9Q4,Tell Us What Words Mean,List the features of the words provided.,"words, answers, survey, psychology, definition, meaning",$0.05 ,Wed Jun 20 01:04:43 GMT 2012,12,,10800,2592000,Fri Jul 20 01:04:43 GMT 2012,,,,,Approved,Wed Jun 20 04:53:49 GMT 2012,Wed Jun 20 04:55:08 GMT 2012,Thu Jul 19 21:55:08 PDT 2012,Wed Jun 20 13:05:54 PDT 2012,,,79,100% (31/31),0% (0/0),0% (0/0),Spin,Synopsis,Oligarchy,Breakable,Keyboard,"circles, around, fast,","summary, movie","politics, one man","glass, ceramic, clay,","computer, letters, typing, internet",,
2BC00OQKKA4IWFMH7ZT6C0EXFKGYY9,2VSZ2MIKMN9UMCNN8DKW0XI3SBE9Q4,Tell Us What Words Mean,List the features of the words provided.,"words, answers, survey, psychology, definition, meaning",$0.05 ,Wed Jun 20 01:04:43 GMT 2012,12,,10800,2592000,Fri Jul 20 01:04:43 GMT 2012,,,,,Approved,Wed Jun 20 11:16:15 GMT 2012,Wed Jun 20 11:22:59 GMT 2012,Fri Jul 20 04:22:59 PDT 2012,Wed Jun 20 13:05:53 PDT 2012,,,404,100% (10/10),0% (0/0),0% (0/0),Spin,Synopsis,Oligarchy,Breakable,Keyboard,"turning in a circle, rotate, a person's view of a story,","a summary, the short version of an occurance, the description on a bookjacket","type of government, rule by a small group of people, strict control","something that can be made unusable, fragile, an item that can be shattered or destroyed","a musical instrument, part of a piano or organ. can be made of ivory, used in bands",,
2BC00OQKKA4IWFMH7ZT6C0EXFKGYY9,2VSZ2MIKMN9UMCNN8DKW0XI3SBE9Q4,Tell Us What Words Mean,List the features of the words provided.,"words, answers, survey, psychology, definition, meaning",$0.05 ,Wed Jun 20 01:04:43 GMT 2012,12,,10800,2592000,Fri Jul 20 01:04:43 GMT 2012,,,,,Approved,Wed Jun 20 01:13:28 GMT 2012,Wed Jun 20 01:14:59 GMT 2012,Thu Jul 19 18:14:59 PDT 2012,Tue Jun 19 19:26:06 PDT 2012,,,91,100% (1/1),0% (0/0),0% (0/0),Spin,Synopsis,Oligarchy,Breakable,Keyboard,"washer, dryer,","summary, book",n/a,"glass, valuable","music, computer",,
2BC00OQKKA4IWFMH7ZT6C0EXFKGYY9,2VSZ2MIKMN9UMCNN8DKW0XI3SBE9Q4,Tell Us What Words Mean,List the features of the words provided.,"words, answers, survey, psychology, definition, meaning",$0.05 ,Wed Jun 20 01:04:43 GMT 2012,12,,10800,2592000,Fri Jul 20 01:04:43 GMT 2012,,,,,Approved,Wed Jun 20 14:05:48 GMT 2012,Wed Jun 20 14:09:22 GMT 2012,Fri Jul 20 07:09:22 PDT 2012,Wed Jun 20 13:05:52 PDT 2012,,,214,100% (16/16),0% (0/0),0% (0/0),Spin,Synopsis,Oligarchy,Breakable,Keyboard,"going in circles, turning round and round","same as, related to, interchangeable","ruled by the few, instead of one person in power its a small group who rule over the masses","destructible, capable of being broken, some examples would be glass and headphones","a board full of keys that you press on individually for a specific result, generally refer to piano's or computer keyboards",,
2BC00OQKKA4IWFMH7ZT6C0EXFKGYY9,2VSZ2MIKMN9UMCNN8DKW0XI3SBE9Q4,Tell Us What Words Mean,List the features of the words provided.,"words, answers, survey, psychology, definition, meaning",$0.05 ,Wed Jun 20 01:04:43 GMT 2012,12,,10800,2592000,Fri Jul 20 01:04:43 GMT 2012,,,,,Approved,Wed Jun 20 11:27:09 GMT 2012,Wed Jun 20 11:49:57 GMT 2012,Fri Jul 20 04:49:57 PDT 2012,Wed Jun 20 13:05:50 PDT 2012,,,1368,100% (7/7),0% (0/0),0% (0/0),Spin,Synopsis,Oligarchy,Breakable,Keyboard,"A swift whirling motion, to cause to turn round rapidly","A general view, or a collection of heads or parts so arranged as to exhibit a general view of the whole, an abstract or summary of a discourse","A form of government in which the supreme power is placed in the hands of a few persons. also, those who form the ruling few.","capable of being broken or damaged, an article that is fragile and easily broken","The whole arrangement, or one range, of the keys of an organ, typewriter, computer etc. device consisting of a set of keys on a piano or typesetting machine too",,
2BC00OQKKA4IWFMH7ZT6C0EXFKGYY9,2VSZ2MIKMN9UMCNN8DKW0XI3SBE9Q4,Tell Us What Words Mean,List the features of the words provided.,"words, answers, survey, psychology, definition, meaning",$0.05 ,Wed Jun 20 01:04:43 GMT 2012,12,,10800,2592000,Fri Jul 20 01:04:43 GMT 2012,,,,,Approved,Wed Jun 20 01:49:40 GMT 2012,Wed Jun 20 01:53:27 GMT 2012,Thu Jul 19 18:53:27 PDT 2012,Tue Jun 19 19:26:06 PDT 2012,,,227,100% (8/8),0% (0/0),0% (0/0),Spin,Synopsis,Oligarchy,Breakable,Keyboard,"turn in a circle quickly, going around in a circle, can make people dizzy, blur","summary, brief explanation of a longer topic, lengthy subject shortened","kingdom, ruler, royalty, not a democracy, absolute power","fragile, not sturdy, weak, like glass","has multiple keys, can be found on a piano or an organ, black and white in color, rectangular",,
2BC00OQKKA4IWFMH7ZT6C0EXFKGYY9,2VSZ2MIKMN9UMCNN8DKW0XI3SBE9Q4,Tell Us What Words Mean,List the features of the words provided.,"words, answers, survey, psychology, definition, meaning",$0.05 ,Wed Jun 20 01:04:43 GMT 2012,12,,10800,2592000,Fri Jul 20 01:04:43 GMT 2012,,,,,Approved,Wed Jun 20 01:30:53 GMT 2012,Wed Jun 20 01:34:01 GMT 2012,Thu Jul 19 18:34:01 PDT 2012,Tue Jun 19 19:26:05 PDT 2012,,,188,100% (1/1),0% (0/0),0% (0/0),Spin,Synopsis,Oligarchy,Breakable,Keyboard,"turn, type of movement, washing machine cycle, dizziness","summary, written synthesis, conclusion","control, Rome, power, government","smashed, fragile, easily broken, take care with","piano, something to play, ivory, instrument",,
2BC00OQKKA4IWFMH7ZT6C0EXFKGYY9,2VSZ2MIKMN9UMCNN8DKW0XI3SBE9Q4,Tell Us What Words Mean,List the features of the words provided.,"words, answers, survey, psychology, definition, meaning",$0.05 ,Wed Jun 20 01:04:43 GMT 2012,12,,10800,2592000,Fri Jul 20 01:04:43 GMT 2012,,,,,Approved,Wed Jun 20 14:31:04 GMT 2012,Wed Jun 20 14:32:22 GMT 2012,Fri Jul 20 07:32:22 PDT 2012,Wed Jun 20 13:05:56 PDT 2012,,,78,100% (32/32),0% (0/0),0% (0/0),Spin,Synopsis,Oligarchy,Breakable,Keyboard,"turn, rotate, move round and round","brief, surmise, paraphrase","hierarchy, class, government","fragile, crystal, handle with care","typing, piano, use with fingers",,
2BC00OQKKA4IWFMH7ZT6C0EXFKGYY9,2VSZ2MIKMN9UMCNN8DKW0XI3SBE9Q4,Tell Us What Words Mean,List the features of the words provided.,"words, answers, survey, psychology, definition, meaning",$0.05 ,Wed Jun 20 01:04:43 GMT 2012,12,,10800,2592000,Fri Jul 20 01:04:43 GMT 2012,,,,,Approved,Wed Jun 20 21:43:16 GMT 2012,Wed Jun 20 21:47:12 GMT 2012,Fri Jul 20 14:47:12 PDT 2012,Wed Jun 20 21:18:57 PDT 2012,,,236,100% (4/4),0% (0/0),0% (0/0),Spin,Synopsis,Oligarchy,Breakable,Keyboard,"twirl, whirl, tilt, bias","summary, long story made short",government by few,"fragile, delicate","piano, synthesizer",,
2BC00OQKKA4IWFMH7ZT6C0EXFKGYY9,2VSZ2MIKMN9UMCNN8DKW0XI3SBE9Q4,Tell Us What Words Mean,List the features of the words provided.,"words, answers, survey, psychology, definition, meaning",$0.05 ,Wed Jun 20 01:04:43 GMT 2012,12,,10800,2592000,Fri Jul 20 01:04:43 GMT 2012,,,,,Approved,Wed Jun 20 03:41:10 GMT 2012,Wed Jun 20 03:44:56 GMT 2012,Thu Jul 19 20:44:56 PDT 2012,Wed Jun 20 13:05:56 PDT 2012,,,226,100% (2/2),0% (0/0),0% (0/0),Spin,Synopsis,Oligarchy,Breakable,Keyboard,"get dizzy, amusement parks, toys, games,","statement, conclusion, long story short, brief","government, power, state, law","glass, china, cell phones, antiques","computer, touch screen, mobile device, wireless, high tech",,
2D15OPB0YVGZML0LGC5PDU32HFB7Z8,2VSZ2MIKMN9UMCNN8DKW0XI3SBE9Q4,Tell Us What Words Mean,List the features of the words provided.,"words, answers, survey, psychology, definition, meaning",$0.05 ,Wed Jun 20 01:04:43 GMT 2012,12,,10800,2592000,Fri Jul 20 01:04:43 GMT 2012,,,,,Approved,Wed Jun 20 02:02:59 GMT 2012,Wed Jun 20 02:04:19 GMT 2012,Thu Jul 19 19:04:19 PDT 2012,Tue Jun 19 19:26:06 PDT 2012,,,80,100% (6/6),0% (0/0),0% (0/0),Mediocre,Strand,Identity,Chef,Carbon,"middle of the way, okay, so-so","piece of, a bit","whos who, drivers license, social security number","cook, the one preparing the food, white coat",unknown,,
2D15OPB0YVGZML0LGC5PDU32HFB7Z8,2VSZ2MIKMN9UMCNN8DKW0XI3SBE9Q4,Tell Us What Words Mean,List the features of the words provided.,"words, answers, survey, psychology, definition, meaning",$0.05 ,Wed Jun 20 01:04:43 GMT 2012,12,,10800,2592000,Fri Jul 20 01:04:43 GMT 2012,,,,,Approved,Wed Jun 20 02:31:19 GMT 2012,Wed Jun 20 02:32:38 GMT 2012,Thu Jul 19 19:32:38 PDT 2012,Wed Jun 20 13:05:52 PDT 2012,,,79,100% (2/2),0% (0/0),0% (0/0),Mediocre,Strand,Identity,Chef,Carbon,"average, plain, simple, boring, not a big deal","leave behind, abandon, neglect, forget about","personality, uniqueness, ownership, self image","cook, foodie, food preparer, meal planner","element, natural, environment, rocks, dirt",,
2D15OPB0YVGZML0LGC5PDU32HFB7Z8,2VSZ2MIKMN9UMCNN8DKW0XI3SBE9Q4,Tell Us What Words Mean,List the features of the words provided.,"words, answers, survey, psychology, definition, meaning",$0.05 ,Wed Jun 20 01:04:43 GMT 2012,12,,10800,2592000,Fri Jul 20 01:04:43 GMT 2012,,,,,Approved,Wed Jun 20 15:24:04 GMT 2012,Wed Jun 20 15:25:22 GMT 2012,Fri Jul 20 08:25:22 PDT 2012,Wed Jun 20 13:05:56 PDT 2012,,,78,100% (1/1),0% (0/0),0% (0/0),Mediocre,Strand,Identity,Chef,Carbon,"halfway, average, could have been better","small, tiny piece, barely visible","yourself, you, ego, who a person is, name, occupation","cook, culinary, career, line, kitchen","is an element, all life forms made of it, hardens into diamonds, found all over earth",,
2D15OPB0YVGZML0LGC5PDU32HFB7Z8,2VSZ2MIKMN9UMCNN8DKW0XI3SBE9Q4,Tell Us What Words Mean,List the features of the words provided.,"words, answers, survey, psychology, definition, meaning",$0.05 ,Wed Jun 20 01:04:43 GMT 2012,12,,10800,2592000,Fri Jul 20 01:04:43 GMT 2012,,,,,Approved,Wed Jun 20 19:06:08 GMT 2012,Wed Jun 20 19:08:15 GMT 2012,Fri Jul 20 12:08:15 PDT 2012,Wed Jun 20 13:05:50 PDT 2012,,,127,100% (31/31),0% (0/0),0% (0/0),Mediocre,Strand,Identity,Chef,Carbon,"sub standard, low, no quality","hair, fabric, small piece","drivers license, passport, social security, name","food, kitchen, cook, culinary arts,","main chemical element, solid",,
2D15OPB0YVGZML0LGC5PDU32HFB7Z8,2VSZ2MIKMN9UMCNN8DKW0XI3SBE9Q4,Tell Us What Words Mean,List the features of the words provided.,"words, answers, survey, psychology, definition, meaning",$0.05 ,Wed Jun 20 01:04:43 GMT 2012,12,,10800,2592000,Fri Jul 20 01:04:43 GMT 2012,,,,,Approved,Wed Jun 20 01:51:07 GMT 2012,Wed Jun 20 01:54:04 GMT 2012,Thu Jul 19 18:54:04 PDT 2012,Tue Jun 19 19:26:03 PDT 2012,,,177,100% (2/2),0% (0/0),0% (0/0),Mediocre,Strand,Identity,Chef,Carbon,"average, in the middle, not the best or highest","single piece, thin long object,","self, personal, individual","cook, food preparer, griller,","element,",,
2D15OPB0YVGZML0LGC5PDU32HFB7Z8,2VSZ2MIKMN9UMCNN8DKW0XI3SBE9Q4,Tell Us What Words Mean,List the features of the words provided.,"words, answers, survey, psychology, definition, meaning",$0.05 ,Wed Jun 20 01:04:43 GMT 2012,12,,10800,2592000,Fri Jul 20 01:04:43 GMT 2012,,,,,Approved,Thu Jun 21 03:50:24 GMT 2012,Thu Jun 21 03:57:37 GMT 2012,Fri Jul 20 20:57:37 PDT 2012,Wed Jun 20 21:18:58 PDT 2012,,,433,100% (18/18),0% (0/0),0% (0/0),Mediocre,Strand,Identity,Chef,Carbon,"Average, so-so, not bad not good,","leave helpless, a length of hair, a length of rope,","a means of separating individuals, personality, ones name, features unique to others, a means of recognizing others","cook, a person who prepares food, supervisor of cooks, professionally trained cook","gas, the base of most living organisms",,
2D15OPB0YVGZML0LGC5PDU32HFB7Z8,2VSZ2MIKMN9UMCNN8DKW0XI3SBE9Q4,Tell Us What Words Mean,List the features of the words provided.,"words, answers, survey, psychology, definition, meaning",$0.05 ,Wed Jun 20 01:04:43 GMT 2012,12,,10800,2592000,Fri Jul 20 01:04:43 GMT 2012,,,,,Approved,Wed Jun 20 02:15:00 GMT 2012,Wed Jun 20 02:22:33 GMT 2012,Thu Jul 19 19:22:33 PDT 2012,Tue Jun 19 19:26:04 PDT 2012,,,453,100% (1/1),0% (0/0),0% (0/0),Mediocre,Strand,Identity,Chef,Carbon,"a standard of quality that suggests no great effort was made, the effort or item is adequate but not great, not a flattering description","Could be the section of beach where the water meets the land.
It could also mean to leave abandoned - ""stranded on a desert island""
Could also mean a section of hair.","Who or what someone or something is, what makes up the organism.","A cook of a higher caliber, someone who cooks wonderful, exotic dishes - better quality food therefore costing more.","An element that makes up most of the life forms on our planet. Also, a black sheet that allows copies to be made.",,
2D15OPB0YVGZML0LGC5PDU32HFB7Z8,2VSZ2MIKMN9UMCNN8DKW0XI3SBE9Q4,Tell Us What Words Mean,List the features of the words provided.,"words, answers, survey, psychology, definition, meaning",$0.05 ,Wed Jun 20 01:04:43 GMT 2012,12,,10800,2592000,Fri Jul 20 01:04:43 GMT 2012,,,,,Approved,Thu Jun 21 02:05:33 GMT 2012,Thu Jun 21 02:09:14 GMT 2012,Fri Jul 20 19:09:14 PDT 2012,Wed Jun 20 21:18:58 PDT 2012,,,221,100% (1/1),0% (0/0),0% (0/0),Mediocre,Strand,Identity,Chef,Carbon,"describes quality, is bad, movie rating","a piece of hair, part of a beach, a piece of DNA","name, persona, represents a person, used to logon to computers","cook, wears a hat, cooks food, prepares meals","is black, turns into diamonds, basis for life forms",,
2D15OPB0YVGZML0LGC5PDU32HFB7Z8,2VSZ2MIKMN9UMCNN8DKW0XI3SBE9Q4,Tell Us What Words Mean,List the features of the words provided.,"words, answers, survey, psychology, definition, meaning",$0.05 ,Wed Jun 20 01:04:43 GMT 2012,12,,10800,2592000,Fri Jul 20 01:04:43 GMT 2012,,,,,Approved,Wed Jun 20 14:26:31 GMT 2012,Wed Jun 20 14:27:31 GMT 2012,Fri Jul 20 07:27:31 PDT 2012,Wed Jun 20 13:05:52 PDT 2012,,,60,100% (32/32),0% (0/0),0% (0/0),Mediocre,Strand,Identity,Chef,Carbon,"middling, just getting by, not impressive","hair, single piece, part of a whole","license, passport, name","cook, kitchen, culinary","element, chemistry, life",,
2D15OPB0YVGZML0LGC5PDU32HFB7Z8,2VSZ2MIKMN9UMCNN8DKW0XI3SBE9Q4,Tell Us What Words Mean,List the features of the words provided.,"words, answers, survey, psychology, definition, meaning",$0.05 ,Wed Jun 20 01:04:43 GMT 2012,12,,10800,2592000,Fri Jul 20 01:04:43 GMT 2012,,,,,Approved,Wed Jun 20 04:18:10 GMT 2012,Wed Jun 20 04:21:34 GMT 2012,Thu Jul 19 21:21:34 PDT 2012,Wed Jun 20 13:05:57 PDT 2012,,,204,100% (3/3),0% (0/0),0% (0/0),Mediocre,Strand,Identity,Chef,Carbon,"Not very good, unsatisfactory, not well practiced or polished","string, small bit as in a single hair, to leave someone on their own, abandon","say who or what something is, choose based on specific properties","cook, works in a restaurant, normally works in a expensive or high class restaurant, runs the kitchen","is an element, exists in our air, normally exists in a gaseous state",,
2D15OPB0YVGZML0LGC5PDU32HFB7Z8,2VSZ2MIKMN9UMCNN8DKW0XI3SBE9Q4,Tell Us What Words Mean,List the features of the words provided.,"words, answers, survey, psychology, definition, meaning",$0.05 ,Wed Jun 20 01:04:43 GMT 2012,12,,10800,2592000,Fri Jul 20 01:04:43 GMT 2012,,,,,Approved,Wed Jun 20 01:55:42 GMT 2012,Wed Jun 20 01:57:51 GMT 2012,Thu Jul 19 18:57:51 PDT 2012,Tue Jun 19 19:26:07 PDT 2012,,,129,100% (6/6),0% (0/0),0% (0/0),Mediocre,Strand,Identity,Chef,Carbon,"average, plain,","thin, made of fiber , piece of larger reem","character, personality, lifestyle, beliefs, morals","preparer of foods, runs the kitchen, educated in culinary arts","element, gaseous, everywhere",,
2D15OPB0YVGZML0LGC5PDU32HFB7Z8,2VSZ2MIKMN9UMCNN8DKW0XI3SBE9Q4,Tell Us What Words Mean,List the features of the words provided.,"words, answers, survey, psychology, definition, meaning",$0.05 ,Wed Jun 20 01:04:43 GMT 2012,12,,10800,2592000,Fri Jul 20 01:04:43 GMT 2012,,,,,Approved,Wed Jun 20 02:49:55 GMT 2012,Wed Jun 20 02:50:32 GMT 2012,Thu Jul 19 19:50:32 PDT 2012,Wed Jun 20 13:05:52 PDT 2012,,,37,100% (1/1),0% (0/0),0% (0/0),Mediocre,Strand,Identity,Chef,Carbon,"average, so-so, not much potential","of hair, left alone","who you are, how you view yourself","restaurant, food, nutrition","dioxide, monoxide, molecule",,
23K5L8I9NZW6V1DVTJVQ07T9LHWUKC,2VSZ2MIKMN9UMCNN8DKW0XI3SBE9Q4,Tell Us What Words Mean,List the features of the words provided.,"words, answers, survey, psychology, definition, meaning",$0.05 ,Wed Jun 20 01:04:43 GMT 2012,12,,10800,2592000,Fri Jul 20 01:04:43 GMT 2012,,,,,Approved,Wed Jun 20 02:06:40 GMT 2012,Wed Jun 20 02:09:57 GMT 2012,Thu Jul 19 19:09:57 PDT 2012,Tue Jun 19 19:26:02 PDT 2012,,,197,100% (9/9),0% (0/0),0% (0/0),Cleaning,Fade,Captain,Veteran,Charge,"To ensure area or product is free of dust, dirt, germs and stains by using a cleaning agent such as soap.",When an object looses its luster or becomes discolored by age,Person in charge of boat or higher ranking officer.,Older non active soldier,To plug in item to boost power usage or  to use card to pay for item you can not afford right now but will pay off later.,,
23K5L8I9NZW6V1DVTJVQ07T9LHWUKC,2VSZ2MIKMN9UMCNN8DKW0XI3SBE9Q4,Tell Us What Words Mean,List the features of the words provided.,"words, answers, survey, psychology, definition, meaning",$0.05 ,Wed Jun 20 01:04:43 GMT 2012,12,,10800,2592000,Fri Jul 20 01:04:43 GMT 2012,,,,,Approved,Wed Jun 20 01:37:38 GMT 2012,Wed Jun 20 01:40:04 GMT 2012,Thu Jul 19 18:40:04 PDT 2012,Tue Jun 19 19:26:06 PDT 2012,,,146,100% (1/1),0% (0/0),0% (0/0),Cleaning,Fade,Captain,Veteran,Charge,Cleaning means to remove dirt or debris off of an object.,Fade means to drift further away from the original object,"A captain is a leader of a ship, or team.",A person who fought in a war or formally served in the armed forces.,Charge means to rush.,,
23K5L8I9NZW6V1DVTJVQ07T9LHWUKC,2VSZ2MIKMN9UMCNN8DKW0XI3SBE9Q4,Tell Us What Words Mean,List the features of the words provided.,"words, answers, survey, psychology, definition, meaning",$0.05 ,Wed Jun 20 01:04:43 GMT 2012,12,,10800,2592000,Fri Jul 20 01:04:43 GMT 2012,,,,,Approved,Wed Jun 20 04:47:15 GMT 2012,Wed Jun 20 04:48:50 GMT 2012,Thu Jul 19 21:48:50 PDT 2012,Wed Jun 20 13:05:55 PDT 2012,,,95,100% (31/31),0% (0/0),0% (0/0),Cleaning,Fade,Captain,Veteran,Charge,"detergents, vaccum, organize","discolor, change, age","ship, nautical, naval, mariners","wars, army, navy, marines, military, benefits","battery, credit cards",,
23K5L8I9NZW6V1DVTJVQ07T9LHWUKC,2VSZ2MIKMN9UMCNN8DKW0XI3SBE9Q4,Tell Us What Words Mean,List the features of the words provided.,"words, answers, survey, psychology, definition, meaning",$0.05 ,Wed Jun 20 01:04:43 GMT 2012,12,,10800,2592000,Fri Jul 20 01:04:43 GMT 2012,,,,,Approved,Wed Jun 20 02:08:51 GMT 2012,Wed Jun 20 02:13:09 GMT 2012,Thu Jul 19 19:13:09 PDT 2012,Tue Jun 19 19:26:04 PDT 2012,,,258,100% (10/10),0% (0/0),0% (0/0),Cleaning,Fade,Captain,Veteran,Charge,"removal of dirt, to clense, removal of bacteria, to organize","loss of color, loss of energy, dim, loss of light","person in charge, leader, ship pilot, head of a group","parcipated in military, fought in a war, person with experience","onslaught,running at an object, use of a credit card",,
23K5L8I9NZW6V1DVTJVQ07T9LHWUKC,2VSZ2MIKMN9UMCNN8DKW0XI3SBE9Q4,Tell Us What Words Mean,List the features of the words provided.,"words, answers, survey, psychology, definition, meaning",$0.05 ,Wed Jun 20 01:04:43 GMT 2012,12,,10800,2592000,Fri Jul 20 01:04:43 GMT 2012,,,,,Approved,Wed Jun 20 04:32:53 GMT 2012,Wed Jun 20 04:34:32 GMT 2012,Thu Jul 19 21:34:32 PDT 2012,Wed Jun 20 13:05:57 PDT 2012,,,99,100% (13/13),0% (0/0),0% (0/0),Cleaning,Fade,Captain,Veteran,Charge,"remove dirt, tidy, orderly","not as bright, not brilliant, to lose color","____ america, a military position, army, navy, commander","someone who fought in war, military, army, marines, gets free food at fast food places","cost, energize, one does this to a credit card or battery",,
23K5L8I9NZW6V1DVTJVQ07T9LHWUKC,2VSZ2MIKMN9UMCNN8DKW0XI3SBE9Q4,Tell Us What Words Mean,List the features of the words provided.,"words, answers, survey, psychology, definition, meaning",$0.05 ,Wed Jun 20 01:04:43 GMT 2012,12,,10800,2592000,Fri Jul 20 01:04:43 GMT 2012,,,,,Approved,Wed Jun 20 13:49:48 GMT 2012,Wed Jun 20 13:56:17 GMT 2012,Fri Jul 20 06:56:17 PDT 2012,Wed Jun 20 13:05:55 PDT 2012,,,389,100% (16/16),0% (0/0),0% (0/0),Cleaning,Fade,Captain,Veteran,Charge,"to make something free from dirt and other things such as germs, includes acts such as washing dishes, laundry, sweeping etc.","to slowly disappear, become less visible","person in charge, like the captain of a ship or a sports team","Someone who has been through an experience and survived, most commonly used in conjunction with war veterans","to place a fee on an object that is being sold, could also mean like an electrical charge",,
23K5L8I9NZW6V1DVTJVQ07T9LHWUKC,2VSZ2MIKMN9UMCNN8DKW0XI3SBE9Q4,Tell Us What Words Mean,List the features of the words provided.,"words, answers, survey, psychology, definition, meaning",$0.05 ,Wed Jun 20 01:04:43 GMT 2012,12,,10800,2592000,Fri Jul 20 01:04:43 GMT 2012,,,,,Approved,Wed Jun 20 20:44:02 GMT 2012,Wed Jun 20 20:50:56 GMT 2012,Fri Jul 20 13:50:56 PDT 2012,Wed Jun 20 21:18:58 PDT 2012,,,414,100% (18/18),0% (0/0),0% (0/0),Cleaning,Fade,Captain,Veteran,Charge,"Removing impurities, the act of doing a chore,","decrease level of brightness, gradual loss, lose color over time","military rank, commander of a ship, lead pilot on an airliner,","person who has put time in, person with ample experience, military personnel with over 1 year of service","to take a run at something or someone, make a purchase and pay at a later date",,
23K5L8I9NZW6V1DVTJVQ07T9LHWUKC,2VSZ2MIKMN9UMCNN8DKW0XI3SBE9Q4,Tell Us What Words Mean,List the features of the words provided.,"words, answers, survey, psychology, definition, meaning",$0.05 ,Wed Jun 20 01:04:43 GMT 2012,12,,10800,2592000,Fri Jul 20 01:04:43 GMT 2012,,,,,Approved,Wed Jun 20 01:53:35 GMT 2012,Wed Jun 20 02:00:18 GMT 2012,Thu Jul 19 19:00:18 PDT 2012,Tue Jun 19 19:26:04 PDT 2012,,,403,100% (8/8),0% (0/0),0% (0/0),Cleaning,Fade,Captain,Veteran,Charge,"polishing, removing dirt, organizing, sanitizing, getting rid of dirt or dust or extraneous items","lose color, become less visible, become less vivid, become paler, less memorable","commands a boat, in command, an authority figure, airplane pilot, military figure, wears a hat","experienced individual, someone who has served in the military","to use a credit card, to restore power to an item like a battery, to order someone with a task, to accuse someone of a crime, to run toward someone as in a fight",,
23K5L8I9NZW6V1DVTJVQ07T9LHWUKC,2VSZ2MIKMN9UMCNN8DKW0XI3SBE9Q4,Tell Us What Words Mean,List the features of the words provided.,"words, answers, survey, psychology, definition, meaning",$0.05 ,Wed Jun 20 01:04:43 GMT 2012,12,,10800,2592000,Fri Jul 20 01:04:43 GMT 2012,,,,,Approved,Thu Jun 21 02:00:02 GMT 2012,Thu Jun 21 02:03:58 GMT 2012,Fri Jul 20 19:03:58 PDT 2012,Wed Jun 20 21:18:58 PDT 2012,,,236,100% (5/5),0% (0/0),0% (0/0),Cleaning,Fade,Captain,Veteran,Charge,"to straiten up, to wash, to organize.","to age, to lose color.","a leader, ship owner, rank in the military.","experienced person in a trade such as a sport, retired from the military.","to run toward an object, to used a credit/debit card, electric current of a battery.",,
23K5L8I9NZW6V1DVTJVQ07T9LHWUKC,2VSZ2MIKMN9UMCNN8DKW0XI3SBE9Q4,Tell Us What Words Mean,List the features of the words provided.,"words, answers, survey, psychology, definition, meaning",$0.05 ,Wed Jun 20 01:04:43 GMT 2012,12,,10800,2592000,Fri Jul 20 01:04:43 GMT 2012,,,,,Approved,Wed Jun 20 14:57:49 GMT 2012,Wed Jun 20 15:00:46 GMT 2012,Fri Jul 20 08:00:46 PDT 2012,Wed Jun 20 13:05:51 PDT 2012,,,177,100% (32/32),0% (0/0),0% (0/0),Cleaning,Fade,Captain,Veteran,Charge,"wiping, removing dirt, making neat","less clear, changes color, not as bright","leader, head of a ship, military rank","was in military, has experience, survivor","cost, payment requirement, selling price",,
23K5L8I9NZW6V1DVTJVQ07T9LHWUKC,2VSZ2MIKMN9UMCNN8DKW0XI3SBE9Q4,Tell Us What Words Mean,List the features of the words provided.,"words, answers, survey, psychology, definition, meaning",$0.05 ,Wed Jun 20 01:04:43 GMT 2012,12,,10800,2592000,Fri Jul 20 01:04:43 GMT 2012,,,,,Approved,Wed Jun 20 20:19:14 GMT 2012,Wed Jun 20 20:21:40 GMT 2012,Fri Jul 20 13:21:40 PDT 2012,Wed Jun 20 21:18:58 PDT 2012,,,146,100% (15/15),0% (0/0),0% (0/0),Cleaning,Fade,Captain,Veteran,Charge,"to clean, tedious, not fun","to slowly go away, to not be trendy anymore","in charge, trained","honored, courageous, soldier","money, pay later",,
23K5L8I9NZW6V1DVTJVQ07T9LHWUKC,2VSZ2MIKMN9UMCNN8DKW0XI3SBE9Q4,Tell Us What Words Mean,List the features of the words provided.,"words, answers, survey, psychology, definition, meaning",$0.05 ,Wed Jun 20 01:04:43 GMT 2012,12,,10800,2592000,Fri Jul 20 01:04:43 GMT 2012,,,,,Approved,Thu Jun 21 04:52:25 GMT 2012,Thu Jun 21 04:53:21 GMT 2012,Fri Jul 20 21:53:21 PDT 2012,Thu Jun 21 11:43:12 PDT 2012,,,56,100% (4/4),0% (0/0),0% (0/0),Cleaning,Fade,Captain,Veteran,Charge,the act of making something clean,to go away slowley,the leader of a group,a person who is been doing something for a long time,to gain momentum,,